/*
Navicat MySQL Data Transfer

Source Server         : MYSQL5.7
Source Server Version : 50719
Source Host           : localhost:3305
Source Database       : so_learning

Target Server Type    : MYSQL
Target Server Version : 50719
File Encoding         : 65001

Date: 2019-10-21 19:06:23
*/

SET FOREIGN_KEY_CHECKS=0;

-- ----------------------------
-- Table structure for so_blog
-- ----------------------------
DROP TABLE IF EXISTS `so_blog`;
CREATE TABLE `so_blog` (
  `id` bigint(20) NOT NULL,
  `create_time` datetime DEFAULT CURRENT_TIMESTAMP,
  `update_time` datetime DEFAULT CURRENT_TIMESTAMP ON UPDATE CURRENT_TIMESTAMP,
  `brief` varchar(500) DEFAULT NULL,
  `image_suffix` varchar(10) DEFAULT NULL,
  `description` text,
  `title` varchar(200) DEFAULT NULL,
  `release_date` datetime DEFAULT NULL,
  `content` text,
  `category` bigint(20) DEFAULT NULL,
  `author` bigint(20) DEFAULT NULL,
  PRIMARY KEY (`id`),
  KEY `fk_category_idx` (`category`),
  KEY `fk_blog_teacher_idx` (`author`),
  CONSTRAINT `fk_blog_category` FOREIGN KEY (`category`) REFERENCES `so_blog_category` (`id`),
  CONSTRAINT `fk_blog_teacher` FOREIGN KEY (`author`) REFERENCES `so_teacher` (`id`)
) ENGINE=InnoDB DEFAULT CHARSET=utf8;

-- ----------------------------
-- Records of so_blog
-- ----------------------------
INSERT INTO `so_blog` VALUES ('276242822348', null, '2019-08-09 13:56:39', 'Better Docker support and technologies from several projects will provide a pipeline of new capabilities in Java 10 and later versions', '.jpg', null, 'What’s new in Java 10', null, 'content of blog', '2', '276418574967');
INSERT INTO `so_blog` VALUES ('276242822359', null, '2019-08-09 13:57:17', '为了提高可靠的配置性和强大的封装性，我们将模块化看作是java程序组件的一个基本的新特性，这样它对开发者和可支持的工具更加友好。一个模块是一个被命名的，代码和数据的自描述的集合。', '.jpg', null, 'JAVA9模块化', null, 'content of blog', '2', '276418574967');
INSERT INTO `so_blog` VALUES ('276242822362', null, '2019-08-09 13:57:17', '在中国有很多人都认为IT行业是吃青春饭的，如果过了30岁就很难有机会再发展下去！其实现实并不是这样子的，在下从事.NET及JAVA方面的开发的也有8年的时间了，在这里在下想凭借自己的亲身经历，与大家一起探讨一下。', '.jpg', null, '浅谈程序员职业规划', null, 'content of blog', '3', '276418574967');
INSERT INTO `so_blog` VALUES ('276247393039', null, '2019-08-09 13:57:17', 'Better Docker support and technologies from several projects will provide a pipeline of new capabilities in Java 10 and later versions', '.jpg', null, 'What’s new in Java 10', null, 'content of blog', '2', '276418574967');
INSERT INTO `so_blog` VALUES ('276247393046', null, '2019-08-09 13:57:17', '为了提高可靠的配置性和强大的封装性，我们将模块化看作是java程序组件的一个基本的新特性，这样它对开发者和可支持的工具更加友好。一个模块是一个被命名的，代码和数据的自描述的集合。', '.jpg', null, 'JAVA9模块化', null, 'content of blog', '2', '276418574967');
INSERT INTO `so_blog` VALUES ('276247393050', null, '2019-08-09 13:57:17', '在中国有很多人都认为IT行业是吃青春饭的，如果过了30岁就很难有机会再发展下去！其实现实并不是这样子的，在下从事.NET及JAVA方面的开发的也有8年的时间了，在这里在下想凭借自己的亲身经历，与大家一起探讨一下。', '.jpg', null, '浅谈程序员职业规划', null, 'content of blog', '3', '276418574967');
INSERT INTO `so_blog` VALUES ('276429005081', null, '2019-08-09 13:57:17', 'Better Docker support and technologies from several projects will provide a pipeline of new capabilities in Java 10 and later vrersions', '.jpg', null, 'What\'s new in Java 10', null, 'content of blog', '2', '276418574967');
INSERT INTO `so_blog` VALUES ('276429005390', null, '2019-08-09 13:57:17', '为了提高可靠的配置性和强大的封装性，我们将模块化看作是java程序组件的一个基本的新特性，这样它对开发者和可支持的工具更加友好。一个模块是一个被命名的，代码和数据的自描述的集合。', '.jpg', null, 'JAVA9模块化', null, 'content of blog', '2', '276418574967');
INSERT INTO `so_blog` VALUES ('276429005393', null, '2019-08-09 13:57:17', '在中国有很多人都认为IT行业是吃青春饭的，如果过了30岁就很难有机会再发展下去！其实现实并不是这样子的，在下从事.NET及JAVA方面的开发的也有8年的时间了，在这里在下想凭借自己的亲身经历，与大家一起探讨一下。', '.jpg', null, '浅谈程序员职业规划', null, 'content of blog', '3', '276418574967');

-- ----------------------------
-- Table structure for so_blog_category
-- ----------------------------
DROP TABLE IF EXISTS `so_blog_category`;
CREATE TABLE `so_blog_category` (
  `id` bigint(20) NOT NULL,
  `create_time` datetime DEFAULT CURRENT_TIMESTAMP,
  `update_time` datetime DEFAULT CURRENT_TIMESTAMP ON UPDATE CURRENT_TIMESTAMP,
  `description` varchar(255) DEFAULT NULL,
  `name` varchar(255) DEFAULT NULL,
  PRIMARY KEY (`id`)
) ENGINE=InnoDB DEFAULT CHARSET=utf8;

-- ----------------------------
-- Records of so_blog_category
-- ----------------------------
INSERT INTO `so_blog_category` VALUES ('1', '2019-08-06 08:57:32', '2019-08-06 08:57:32', '工具学习', '开发工具使用相关的博客');
INSERT INTO `so_blog_category` VALUES ('2', '2019-08-06 08:57:32', '2019-08-06 08:57:32', '技术动态', '介绍it技术动态');
INSERT INTO `so_blog_category` VALUES ('3', '2019-08-06 08:57:33', '2019-08-06 08:57:33', '职业发展', '介业发展介绍');

-- ----------------------------
-- Table structure for so_blog_teacher
-- ----------------------------
DROP TABLE IF EXISTS `so_blog_teacher`;
CREATE TABLE `so_blog_teacher` (
  `create_time` timestamp NULL DEFAULT CURRENT_TIMESTAMP,
  `update_time` timestamp NULL DEFAULT NULL,
  `id` bigint(11) NOT NULL,
  `blog_id` bigint(11) DEFAULT NULL,
  `teacher_id` bigint(11) DEFAULT NULL,
  PRIMARY KEY (`id`),
  KEY `fk_blog_teacher_teacher_idx` (`teacher_id`),
  KEY `fk_blog_teacher_blog_idx` (`blog_id`),
  CONSTRAINT `fk_blog_teacher_blog` FOREIGN KEY (`blog_id`) REFERENCES `so_blog` (`id`),
  CONSTRAINT `fk_blog_teacher_teacher` FOREIGN KEY (`teacher_id`) REFERENCES `so_teacher` (`id`)
) ENGINE=InnoDB DEFAULT CHARSET=utf8mb4;

-- ----------------------------
-- Records of so_blog_teacher
-- ----------------------------

-- ----------------------------
-- Table structure for so_comment
-- ----------------------------
DROP TABLE IF EXISTS `so_comment`;
CREATE TABLE `so_comment` (
  `id` bigint(20) NOT NULL,
  `create_time` datetime DEFAULT CURRENT_TIMESTAMP,
  `update_time` datetime DEFAULT CURRENT_TIMESTAMP ON UPDATE CURRENT_TIMESTAMP,
  `content` varchar(255) DEFAULT NULL,
  `reference_id` bigint(20) DEFAULT NULL,
  `reply_comment_id` bigint(20) DEFAULT NULL,
  `reply_user_id` bigint(20) DEFAULT NULL,
  `student_id` bigint(20) DEFAULT NULL,
  `type_code` varchar(45) DEFAULT NULL,
  PRIMARY KEY (`id`),
  KEY `fk_comment_reply_idx` (`reply_comment_id`),
  KEY `fk_comemnt_student_idx` (`student_id`),
  CONSTRAINT `fk_comemnt_student` FOREIGN KEY (`student_id`) REFERENCES `so_student` (`id`),
  CONSTRAINT `fk_comment_reply` FOREIGN KEY (`reply_comment_id`) REFERENCES `so_comment` (`id`) ON DELETE CASCADE ON UPDATE CASCADE
) ENGINE=InnoDB DEFAULT CHARSET=utf8;

-- ----------------------------
-- Records of so_comment
-- ----------------------------
INSERT INTO `so_comment` VALUES ('276495464703', '2019-08-09 14:00:39', '2019-08-09 14:00:39', 'dsadas', '276247393050', null, null, '276247392889', 'COMMENT_TYPE_BLOG');
INSERT INTO `so_comment` VALUES ('276495697589', '2019-08-09 14:04:32', '2019-08-09 14:04:32', 'dasdas', '276242822359', null, null, '276247392889', 'COMMENT_TYPE_BLOG');
INSERT INTO `so_comment` VALUES ('276521269163', '2019-08-09 21:10:44', '2019-08-09 21:10:44', '', '276242822348', null, null, '276247392889', 'COMMENT_TYPE_BLOG');
INSERT INTO `so_comment` VALUES ('276521274043', '2019-08-09 21:10:49', '2019-08-09 21:10:49', 'asdasd', '276242822348', null, null, '276247392889', 'COMMENT_TYPE_BLOG');
INSERT INTO `so_comment` VALUES ('276521281800', '2019-08-09 21:10:56', '2019-08-09 21:10:56', '123123123', '276242822348', null, null, '276247392889', 'COMMENT_TYPE_BLOG');
INSERT INTO `so_comment` VALUES ('276521398965', '2019-08-09 21:12:54', '2019-08-09 21:12:54', '', '276242822348', null, null, '276247392889', 'COMMENT_TYPE_BLOG');
INSERT INTO `so_comment` VALUES ('276735436538', '2019-08-12 08:40:11', '2019-08-12 08:40:11', 'asdasd', '276247393046', null, null, '276247392889', 'COMMENT_TYPE_BLOG');
INSERT INTO `so_comment` VALUES ('276735475672', '2019-08-12 08:40:50', '2019-08-12 08:40:50', 'asdfsa', '276247393046', null, null, '276247392889', 'COMMENT_TYPE_BLOG');

-- ----------------------------
-- Table structure for so_course
-- ----------------------------
DROP TABLE IF EXISTS `so_course`;
CREATE TABLE `so_course` (
  `id` bigint(20) NOT NULL,
  `create_time` datetime DEFAULT CURRENT_TIMESTAMP,
  `update_time` datetime DEFAULT CURRENT_TIMESTAMP ON UPDATE CURRENT_TIMESTAMP,
  `brief` varchar(255) DEFAULT NULL,
  `description` varchar(255) DEFAULT NULL,
  `duration` double DEFAULT NULL,
  `class_size` int(11) DEFAULT NULL,
  `lecturer_id` bigint(20) DEFAULT NULL,
  `title` varchar(500) DEFAULT NULL,
  `release_date` datetime DEFAULT NULL,
  `category_id` bigint(20) DEFAULT NULL,
  `current_enroll_no` int(11) DEFAULT NULL,
  `image_suffix` varchar(10) DEFAULT NULL,
  PRIMARY KEY (`id`),
  KEY `fk_category_idx` (`category_id`),
  KEY `fk_course_teacher_idx` (`lecturer_id`),
  CONSTRAINT `fk_category` FOREIGN KEY (`category_id`) REFERENCES `so_course_category` (`id`),
  CONSTRAINT `fk_course_teacher` FOREIGN KEY (`lecturer_id`) REFERENCES `so_teacher` (`id`)
) ENGINE=InnoDB DEFAULT CHARSET=utf8;

-- ----------------------------
-- Records of so_course
-- ----------------------------
INSERT INTO `so_course` VALUES ('276242822275', null, null, 'Java要求在使用变量前显式定义变量并声明变量值的类型，所以Java被称为是一个强类型的语言，有些语言则没有这些要求。', null, null, '100', '276392580580', '变量定义', null, '1', null, '.jpg');
INSERT INTO `so_course` VALUES ('276242822311', null, null, 'J所有变量和表达式的类型再编译时就已经完全确定。由于是静态类型，导致Java语言也是强类型（Strong typed）的。强类型意味着每个变量都具有一种类型，每个表达式具有一种类型，并且每种类型都是严格定义的，类型限制了变量可以赋予哪些值，表达式最终产生什么值', null, null, '100', '276392580581', 'Java数据类型', null, '2', null, '.jpg');
INSERT INTO `so_course` VALUES ('276242822318', null, null, '是根据循环条件反复执行相同的语句，直到循环条件不成立。顺序结构的程序语句只能被执行一次，如果想要同样的操作执行多次，就需要使用循环结构语句。', null, null, '100', '276392580580', 'Java循环语句', null, '2', null, '.jpg');
INSERT INTO `so_course` VALUES ('276247392857', null, null, 'Java要求在使用变量前显式定义变量并声明变量值的类型，所以Java被称为是一个强类型的语言，有些语言则没有这些要求。', null, null, '100', '276392580580', '变量定义', null, '1', null, '.jpg');
INSERT INTO `so_course` VALUES ('276247392868', null, null, 'J所有变量和表达式的类型再编译时就已经完全确定。由于是静态类型，导致Java语言也是强类型（Strong typed）的。强类型意味着每个变量都具有一种类型，每个表达式具有一种类型，并且每种类型都是严格定义的，类型限制了变量可以赋予哪些值，表达式最终产生什么值', null, null, '100', '276392580581', 'Java数据类型', null, '2', null, '.jpg');
INSERT INTO `so_course` VALUES ('276247392878', null, null, '是根据循环条件反复执行相同的语句，直到循环条件不成立。顺序结构的程序语句只能被执行一次，如果想要同样的操作执行多次，就需要使用循环结构语句。', null, null, '100', '276392580580', 'Java循环语句', null, '2', null, '.jpg');
INSERT INTO `so_course` VALUES ('276341040558', null, '2019-08-07 19:06:55', 'Java要求在使用变量前显式定义变量并声明变量值的类型，所以Java被称为是一个强类型的语言，有些语言则没有这些要求。', null, '10', '100', '276392580581', '变量定义', '2019-08-07 19:06:55', '1', '80', '.jpg');
INSERT INTO `so_course` VALUES ('276341040810', null, '2019-08-07 19:06:55', 'J所有变量和表达式的类型再编译时就已经完全确定。由于是静态类型，导致Java语言也是强类型（Strong typed）的。强类型意味着每个变量都具有一种类型，每个表达式具有一种类型，并且每种类型都是严格定义的，类型限制了变量可以赋予哪些值，表达式最终产生什么值', null, '10', '100', '276392580580', 'Java数据类型', '2019-08-07 19:06:55', '1', '80', '.jpg');
INSERT INTO `so_course` VALUES ('276341040814', null, '2019-08-07 19:06:55', '是根据循环条件反复执行相同的语句，直到循环条件不成立。顺序结构的程序语句只能被执行一次，如果想要同样的操作执行多次，就需要使用循环结构语句。', null, '10', '100', '276392580581', 'Java循环语句', '2019-08-07 19:06:55', '1', '80', '.jpg');
INSERT INTO `so_course` VALUES ('276341040826', null, '2019-08-07 19:06:55', 'Java要求在使用变量前显式定义变量并声明变量值的类型，所以Java被称为是一个强类型的语言，有些语言则没有这些要求。', null, '10', '100', '276392580581', '变量定义', '2019-08-07 19:06:55', '2', '80', '.jpg');
INSERT INTO `so_course` VALUES ('276341040829', null, '2019-08-07 19:06:55', 'J所有变量和表达式的类型再编译时就已经完全确定。由于是静态类型，导致Java语言也是强类型（Strong typed）的。强类型意味着每个变量都具有一种类型，每个表达式具有一种类型，并且每种类型都是严格定义的，类型限制了变量可以赋予哪些值，表达式最终产生什么值', null, '10', '100', '276392580579', 'Java数据类型', '2019-08-07 19:06:55', '1', '80', '.jpg');
INSERT INTO `so_course` VALUES ('276341040832', null, '2019-08-07 19:06:55', '是根据循环条件反复执行相同的语句，直到循环条件不成立。顺序结构的程序语句只能被执行一次，如果想要同样的操作执行多次，就需要使用循环结构语句。', null, '10', '100', '276392580580', 'Java循环语句', '2019-08-07 19:06:55', '2', '80', '.jpg');
INSERT INTO `so_course` VALUES ('276341040838', null, '2019-08-07 19:06:55', 'Java要求在使用变量前显式定义变量并声明变量值的类型，所以Java被称为是一个强类型的语言，有些语言则没有这些要求。', null, '10', '100', '276392580581', '变量定义', '2019-08-07 19:06:55', '2', '80', '.jpg');
INSERT INTO `so_course` VALUES ('276341040841', null, '2019-08-07 19:06:55', 'J所有变量和表达式的类型再编译时就已经完全确定。由于是静态类型，导致Java语言也是强类型（Strong typed）的。强类型意味着每个变量都具有一种类型，每个表达式具有一种类型，并且每种类型都是严格定义的，类型限制了变量可以赋予哪些值，表达式最终产生什么值', null, '10', '100', '276392580579', 'Java数据类型', '2019-08-07 19:06:55', '1', '80', '.jpg');
INSERT INTO `so_course` VALUES ('276341040846', null, '2019-08-07 19:06:55', '是根据循环条件反复执行相同的语句，直到循环条件不成立。顺序结构的程序语句只能被执行一次，如果想要同样的操作执行多次，就需要使用循环结构语句。', null, '10', '100', '276392580580', 'Java循环语句', '2019-08-07 19:06:55', '1', '80', '.jpg');
INSERT INTO `so_course` VALUES ('276341040851', null, '2019-08-07 19:06:56', 'Java要求在使用变量前显式定义变量并声明变量值的类型，所以Java被称为是一个强类型的语言，有些语言则没有这些要求。', null, '10', '100', '276392580581', '变量定义', '2019-08-07 19:06:56', '2', '80', '.jpg');
INSERT INTO `so_course` VALUES ('276341040854', null, '2019-08-07 19:06:56', 'J所有变量和表达式的类型再编译时就已经完全确定。由于是静态类型，导致Java语言也是强类型（Strong typed）的。强类型意味着每个变量都具有一种类型，每个表达式具有一种类型，并且每种类型都是严格定义的，类型限制了变量可以赋予哪些值，表达式最终产生什么值', null, '10', '100', '276392580580', 'Java数据类型', '2019-08-07 19:06:56', '1', '80', '.jpg');
INSERT INTO `so_course` VALUES ('276341040857', null, '2019-08-07 19:06:56', '是根据循环条件反复执行相同的语句，直到循环条件不成立。顺序结构的程序语句只能被执行一次，如果想要同样的操作执行多次，就需要使用循环结构语句。', null, '10', '100', '276392580580', 'Java循环语句', '2019-08-07 19:06:56', '2', '80', '.jpg');
INSERT INTO `so_course` VALUES ('276341040863', null, '2019-08-07 19:06:56', 'Java要求在使用变量前显式定义变量并声明变量值的类型，所以Java被称为是一个强类型的语言，有些语言则没有这些要求。', null, '10', '100', '276392580581', '变量定义', '2019-08-07 19:06:56', '3', '80', '.jpg');
INSERT INTO `so_course` VALUES ('276341040866', null, '2019-08-07 19:06:56', 'J所有变量和表达式的类型再编译时就已经完全确定。由于是静态类型，导致Java语言也是强类型（Strong typed）的。强类型意味着每个变量都具有一种类型，每个表达式具有一种类型，并且每种类型都是严格定义的，类型限制了变量可以赋予哪些值，表达式最终产生什么值', null, '10', '100', '276392580581', 'Java数据类型', '2019-08-07 19:06:56', '3', '80', '.jpg');
INSERT INTO `so_course` VALUES ('276341040869', null, '2019-08-07 19:06:56', '是根据循环条件反复执行相同的语句，直到循环条件不成立。顺序结构的程序语句只能被执行一次，如果想要同样的操作执行多次，就需要使用循环结构语句。', null, '10', '100', '276392580581', 'Java循环语句', '2019-08-07 19:06:56', '1', '80', '.jpg');
INSERT INTO `so_course` VALUES ('276341040878', null, '2019-08-07 19:06:56', 'Java要求在使用变量前显式定义变量并声明变量值的类型，所以Java被称为是一个强类型的语言，有些语言则没有这些要求。', null, '10', '100', '276392580580', '变量定义', '2019-08-07 19:06:56', '3', '80', '.jpg');
INSERT INTO `so_course` VALUES ('276341040886', null, '2019-08-07 19:06:56', 'J所有变量和表达式的类型再编译时就已经完全确定。由于是静态类型，导致Java语言也是强类型（Strong typed）的。强类型意味着每个变量都具有一种类型，每个表达式具有一种类型，并且每种类型都是严格定义的，类型限制了变量可以赋予哪些值，表达式最终产生什么值', null, '10', '100', '276392580580', 'Java数据类型', '2019-08-07 19:06:56', '1', '80', '.jpg');
INSERT INTO `so_course` VALUES ('276341040890', null, '2019-08-07 19:06:56', '是根据循环条件反复执行相同的语句，直到循环条件不成立。顺序结构的程序语句只能被执行一次，如果想要同样的操作执行多次，就需要使用循环结构语句。', null, '10', '100', '276392580581', 'Java循环语句', '2019-08-07 19:06:56', '3', '80', '.jpg');
INSERT INTO `so_course` VALUES ('276341040897', null, '2019-08-07 19:06:56', 'Java要求在使用变量前显式定义变量并声明变量值的类型，所以Java被称为是一个强类型的语言，有些语言则没有这些要求。', null, '10', '100', '276392580579', '变量定义', '2019-08-07 19:06:56', '1', '80', '.jpg');
INSERT INTO `so_course` VALUES ('276341040900', null, '2019-08-07 19:06:56', 'J所有变量和表达式的类型再编译时就已经完全确定。由于是静态类型，导致Java语言也是强类型（Strong typed）的。强类型意味着每个变量都具有一种类型，每个表达式具有一种类型，并且每种类型都是严格定义的，类型限制了变量可以赋予哪些值，表达式最终产生什么值', null, '10', '100', '276392580579', 'Java数据类型', '2019-08-07 19:06:56', '1', '80', '.jpg');
INSERT INTO `so_course` VALUES ('276341040905', null, '2019-08-07 19:06:56', '是根据循环条件反复执行相同的语句，直到循环条件不成立。顺序结构的程序语句只能被执行一次，如果想要同样的操作执行多次，就需要使用循环结构语句。', null, '10', '100', '276392580579', 'Java循环语句', '2019-08-07 19:06:56', '1', '80', '.jpg');
INSERT INTO `so_course` VALUES ('276341040911', null, '2019-08-07 19:06:56', 'Java要求在使用变量前显式定义变量并声明变量值的类型，所以Java被称为是一个强类型的语言，有些语言则没有这些要求。', null, '10', '100', '276392580579', '变量定义', '2019-08-07 19:06:56', '2', '80', '.jpg');
INSERT INTO `so_course` VALUES ('276341040915', null, '2019-08-07 19:06:56', 'J所有变量和表达式的类型再编译时就已经完全确定。由于是静态类型，导致Java语言也是强类型（Strong typed）的。强类型意味着每个变量都具有一种类型，每个表达式具有一种类型，并且每种类型都是严格定义的，类型限制了变量可以赋予哪些值，表达式最终产生什么值', null, '10', '100', '276392580581', 'Java数据类型', '2019-08-07 19:06:56', '1', '80', '.jpg');
INSERT INTO `so_course` VALUES ('276341040918', null, '2019-08-07 19:06:56', '是根据循环条件反复执行相同的语句，直到循环条件不成立。顺序结构的程序语句只能被执行一次，如果想要同样的操作执行多次，就需要使用循环结构语句。', null, '10', '100', '276392580580', 'Java循环语句', '2019-08-07 19:06:56', '3', '80', '.jpg');
INSERT INTO `so_course` VALUES ('276341040924', null, '2019-08-07 19:06:56', 'Java要求在使用变量前显式定义变量并声明变量值的类型，所以Java被称为是一个强类型的语言，有些语言则没有这些要求。', null, '10', '100', '276392580580', '变量定义', '2019-08-07 19:06:56', '3', '80', '.jpg');
INSERT INTO `so_course` VALUES ('276341040928', null, '2019-08-07 19:06:56', 'J所有变量和表达式的类型再编译时就已经完全确定。由于是静态类型，导致Java语言也是强类型（Strong typed）的。强类型意味着每个变量都具有一种类型，每个表达式具有一种类型，并且每种类型都是严格定义的，类型限制了变量可以赋予哪些值，表达式最终产生什么值', null, '10', '100', '276392580579', 'Java数据类型', '2019-08-07 19:06:56', '3', '80', '.jpg');
INSERT INTO `so_course` VALUES ('276341040945', null, '2019-08-07 19:06:56', '是根据循环条件反复执行相同的语句，直到循环条件不成立。顺序结构的程序语句只能被执行一次，如果想要同样的操作执行多次，就需要使用循环结构语句。', null, '10', '100', '276392580580', 'Java循环语句', '2019-08-07 19:06:56', '3', '80', '.jpg');
INSERT INTO `so_course` VALUES ('276341040952', null, '2019-08-07 19:06:56', 'Java要求在使用变量前显式定义变量并声明变量值的类型，所以Java被称为是一个强类型的语言，有些语言则没有这些要求。', null, '10', '100', '276392580580', '变量定义', '2019-08-07 19:06:56', '1', '80', '.jpg');
INSERT INTO `so_course` VALUES ('276341040956', null, '2019-08-07 19:06:56', 'J所有变量和表达式的类型再编译时就已经完全确定。由于是静态类型，导致Java语言也是强类型（Strong typed）的。强类型意味着每个变量都具有一种类型，每个表达式具有一种类型，并且每种类型都是严格定义的，类型限制了变量可以赋予哪些值，表达式最终产生什么值', null, '10', '100', '276392580580', 'Java数据类型', '2019-08-07 19:06:56', '1', '80', '.jpg');
INSERT INTO `so_course` VALUES ('276341040960', null, '2019-08-07 19:06:56', '是根据循环条件反复执行相同的语句，直到循环条件不成立。顺序结构的程序语句只能被执行一次，如果想要同样的操作执行多次，就需要使用循环结构语句。', null, '10', '100', '276392580581', 'Java循环语句', '2019-08-07 19:06:56', '3', '80', '.jpg');
INSERT INTO `so_course` VALUES ('276341040965', null, '2019-08-07 19:06:56', 'Java要求在使用变量前显式定义变量并声明变量值的类型，所以Java被称为是一个强类型的语言，有些语言则没有这些要求。', null, '10', '100', '276392580580', '变量定义', '2019-08-07 19:06:56', '2', '80', '.jpg');
INSERT INTO `so_course` VALUES ('276341040968', null, '2019-08-07 19:06:56', 'J所有变量和表达式的类型再编译时就已经完全确定。由于是静态类型，导致Java语言也是强类型（Strong typed）的。强类型意味着每个变量都具有一种类型，每个表达式具有一种类型，并且每种类型都是严格定义的，类型限制了变量可以赋予哪些值，表达式最终产生什么值', null, '10', '100', '276392580580', 'Java数据类型', '2019-08-07 19:06:56', '1', '80', '.jpg');
INSERT INTO `so_course` VALUES ('276341040971', null, '2019-08-07 19:06:56', '是根据循环条件反复执行相同的语句，直到循环条件不成立。顺序结构的程序语句只能被执行一次，如果想要同样的操作执行多次，就需要使用循环结构语句。', null, '10', '100', '276392580581', 'Java循环语句', '2019-08-07 19:06:56', '3', '80', '.jpg');
INSERT INTO `so_course` VALUES ('276341040976', null, '2019-08-07 19:06:56', 'Java要求在使用变量前显式定义变量并声明变量值的类型，所以Java被称为是一个强类型的语言，有些语言则没有这些要求。', null, '10', '100', '276392580579', '变量定义', '2019-08-07 19:06:56', '3', '80', '.jpg');
INSERT INTO `so_course` VALUES ('276341040979', null, '2019-08-07 19:06:56', 'J所有变量和表达式的类型再编译时就已经完全确定。由于是静态类型，导致Java语言也是强类型（Strong typed）的。强类型意味着每个变量都具有一种类型，每个表达式具有一种类型，并且每种类型都是严格定义的，类型限制了变量可以赋予哪些值，表达式最终产生什么值', null, '10', '100', '276392580579', 'Java数据类型', '2019-08-07 19:06:56', '1', '80', '.jpg');
INSERT INTO `so_course` VALUES ('276341040982', null, '2019-08-07 19:06:56', '是根据循环条件反复执行相同的语句，直到循环条件不成立。顺序结构的程序语句只能被执行一次，如果想要同样的操作执行多次，就需要使用循环结构语句。', null, '10', '100', '276392580581', 'Java循环语句', '2019-08-07 19:06:56', '1', '80', '.jpg');
INSERT INTO `so_course` VALUES ('276341040988', null, '2019-08-07 19:06:56', 'Java要求在使用变量前显式定义变量并声明变量值的类型，所以Java被称为是一个强类型的语言，有些语言则没有这些要求。', null, '10', '100', '276392580581', '变量定义', '2019-08-07 19:06:56', '2', '80', '.jpg');
INSERT INTO `so_course` VALUES ('276341040991', null, '2019-08-07 19:06:56', 'J所有变量和表达式的类型再编译时就已经完全确定。由于是静态类型，导致Java语言也是强类型（Strong typed）的。强类型意味着每个变量都具有一种类型，每个表达式具有一种类型，并且每种类型都是严格定义的，类型限制了变量可以赋予哪些值，表达式最终产生什么值', null, '10', '100', '276392580579', 'Java数据类型', '2019-08-07 19:06:56', '2', '80', '.jpg');
INSERT INTO `so_course` VALUES ('276341040993', null, '2019-08-07 19:06:56', '是根据循环条件反复执行相同的语句，直到循环条件不成立。顺序结构的程序语句只能被执行一次，如果想要同样的操作执行多次，就需要使用循环结构语句。', null, '10', '100', '276392580579', 'Java循环语句', '2019-08-07 19:06:56', '3', '80', '.jpg');
INSERT INTO `so_course` VALUES ('276341040998', null, '2019-08-07 19:06:56', 'Java要求在使用变量前显式定义变量并声明变量值的类型，所以Java被称为是一个强类型的语言，有些语言则没有这些要求。', null, '10', '100', '276392580581', '变量定义', '2019-08-07 19:06:56', '3', '80', '.jpg');
INSERT INTO `so_course` VALUES ('276341041001', null, '2019-08-07 19:06:56', 'J所有变量和表达式的类型再编译时就已经完全确定。由于是静态类型，导致Java语言也是强类型（Strong typed）的。强类型意味着每个变量都具有一种类型，每个表达式具有一种类型，并且每种类型都是严格定义的，类型限制了变量可以赋予哪些值，表达式最终产生什么值', null, '10', '100', '276392580579', 'Java数据类型', '2019-08-07 19:06:56', '3', '80', '.jpg');
INSERT INTO `so_course` VALUES ('276341041005', null, '2019-08-07 19:06:56', '是根据循环条件反复执行相同的语句，直到循环条件不成立。顺序结构的程序语句只能被执行一次，如果想要同样的操作执行多次，就需要使用循环结构语句。', null, '10', '100', '276392580579', 'Java循环语句', '2019-08-07 19:06:56', '2', '80', '.jpg');
INSERT INTO `so_course` VALUES ('276341041010', null, '2019-08-07 19:06:56', 'Java要求在使用变量前显式定义变量并声明变量值的类型，所以Java被称为是一个强类型的语言，有些语言则没有这些要求。', null, '10', '100', '276392580580', '变量定义', '2019-08-07 19:06:56', '1', '80', '.jpg');
INSERT INTO `so_course` VALUES ('276341041014', null, '2019-08-07 19:06:56', 'J所有变量和表达式的类型再编译时就已经完全确定。由于是静态类型，导致Java语言也是强类型（Strong typed）的。强类型意味着每个变量都具有一种类型，每个表达式具有一种类型，并且每种类型都是严格定义的，类型限制了变量可以赋予哪些值，表达式最终产生什么值', null, '10', '100', '276392580580', 'Java数据类型', '2019-08-07 19:06:56', '1', '80', '.jpg');
INSERT INTO `so_course` VALUES ('276341041017', null, '2019-08-07 19:06:56', '是根据循环条件反复执行相同的语句，直到循环条件不成立。顺序结构的程序语句只能被执行一次，如果想要同样的操作执行多次，就需要使用循环结构语句。', null, '10', '100', '276392580580', 'Java循环语句', '2019-08-07 19:06:56', '3', '80', '.jpg');
INSERT INTO `so_course` VALUES ('276341041023', null, '2019-08-07 19:06:56', 'Java要求在使用变量前显式定义变量并声明变量值的类型，所以Java被称为是一个强类型的语言，有些语言则没有这些要求。', null, '10', '100', '276392580581', '变量定义', '2019-08-07 19:06:56', '3', '80', '.jpg');
INSERT INTO `so_course` VALUES ('276341041026', null, '2019-08-07 19:06:56', 'J所有变量和表达式的类型再编译时就已经完全确定。由于是静态类型，导致Java语言也是强类型（Strong typed）的。强类型意味着每个变量都具有一种类型，每个表达式具有一种类型，并且每种类型都是严格定义的，类型限制了变量可以赋予哪些值，表达式最终产生什么值', null, '10', '100', '276392580579', 'Java数据类型', '2019-08-07 19:06:56', '2', '80', '.jpg');
INSERT INTO `so_course` VALUES ('276341041029', null, '2019-08-07 19:06:56', '是根据循环条件反复执行相同的语句，直到循环条件不成立。顺序结构的程序语句只能被执行一次，如果想要同样的操作执行多次，就需要使用循环结构语句。', null, '10', '100', '276392580580', 'Java循环语句', '2019-08-07 19:06:56', '3', '80', '.jpg');
INSERT INTO `so_course` VALUES ('276341041034', null, '2019-08-07 19:06:56', 'Java要求在使用变量前显式定义变量并声明变量值的类型，所以Java被称为是一个强类型的语言，有些语言则没有这些要求。', null, '10', '100', '276392580581', '变量定义', '2019-08-07 19:06:56', '3', '80', '.jpg');
INSERT INTO `so_course` VALUES ('276341041038', null, '2019-08-07 19:06:56', 'J所有变量和表达式的类型再编译时就已经完全确定。由于是静态类型，导致Java语言也是强类型（Strong typed）的。强类型意味着每个变量都具有一种类型，每个表达式具有一种类型，并且每种类型都是严格定义的，类型限制了变量可以赋予哪些值，表达式最终产生什么值', null, '10', '100', '276392580581', 'Java数据类型', '2019-08-07 19:06:56', '2', '80', '.jpg');
INSERT INTO `so_course` VALUES ('276341041040', null, '2019-08-07 19:06:56', '是根据循环条件反复执行相同的语句，直到循环条件不成立。顺序结构的程序语句只能被执行一次，如果想要同样的操作执行多次，就需要使用循环结构语句。', null, '10', '100', '276392580581', 'Java循环语句', '2019-08-07 19:06:56', '3', '80', '.jpg');
INSERT INTO `so_course` VALUES ('276341041048', null, '2019-08-07 19:06:56', 'Java要求在使用变量前显式定义变量并声明变量值的类型，所以Java被称为是一个强类型的语言，有些语言则没有这些要求。', null, '10', '100', '276392580581', '变量定义', '2019-08-07 19:06:56', '3', '80', '.jpg');
INSERT INTO `so_course` VALUES ('276341041051', null, '2019-08-07 19:06:56', 'J所有变量和表达式的类型再编译时就已经完全确定。由于是静态类型，导致Java语言也是强类型（Strong typed）的。强类型意味着每个变量都具有一种类型，每个表达式具有一种类型，并且每种类型都是严格定义的，类型限制了变量可以赋予哪些值，表达式最终产生什么值', null, '10', '100', '276392580579', 'Java数据类型', '2019-08-07 19:06:56', '2', '80', '.jpg');
INSERT INTO `so_course` VALUES ('276341041053', null, '2019-08-07 19:06:56', '是根据循环条件反复执行相同的语句，直到循环条件不成立。顺序结构的程序语句只能被执行一次，如果想要同样的操作执行多次，就需要使用循环结构语句。', null, '10', '100', '276392580579', 'Java循环语句', '2019-08-07 19:06:56', '3', '80', '.jpg');
INSERT INTO `so_course` VALUES ('276341041058', null, '2019-08-07 19:06:56', 'Java要求在使用变量前显式定义变量并声明变量值的类型，所以Java被称为是一个强类型的语言，有些语言则没有这些要求。', null, '10', '100', '276392580580', '变量定义', '2019-08-07 19:06:56', '2', '80', '.jpg');
INSERT INTO `so_course` VALUES ('276341041061', null, '2019-08-07 19:06:56', 'J所有变量和表达式的类型再编译时就已经完全确定。由于是静态类型，导致Java语言也是强类型（Strong typed）的。强类型意味着每个变量都具有一种类型，每个表达式具有一种类型，并且每种类型都是严格定义的，类型限制了变量可以赋予哪些值，表达式最终产生什么值', null, '10', '100', '276392580579', 'Java数据类型', '2019-08-07 19:06:56', '2', '80', '.jpg');
INSERT INTO `so_course` VALUES ('276341041063', null, '2019-08-07 19:06:56', '是根据循环条件反复执行相同的语句，直到循环条件不成立。顺序结构的程序语句只能被执行一次，如果想要同样的操作执行多次，就需要使用循环结构语句。', null, '10', '100', '276392580580', 'Java循环语句', '2019-08-07 19:06:56', '1', '80', '.jpg');
INSERT INTO `so_course` VALUES ('276341041069', null, '2019-08-07 19:06:56', 'Java要求在使用变量前显式定义变量并声明变量值的类型，所以Java被称为是一个强类型的语言，有些语言则没有这些要求。', null, '10', '100', '276392580579', '变量定义', '2019-08-07 19:06:56', '2', '80', '.jpg');
INSERT INTO `so_course` VALUES ('276341041072', null, '2019-08-07 19:06:56', 'J所有变量和表达式的类型再编译时就已经完全确定。由于是静态类型，导致Java语言也是强类型（Strong typed）的。强类型意味着每个变量都具有一种类型，每个表达式具有一种类型，并且每种类型都是严格定义的，类型限制了变量可以赋予哪些值，表达式最终产生什么值', null, '10', '100', '276392580581', 'Java数据类型', '2019-08-07 19:06:56', '3', '80', '.jpg');
INSERT INTO `so_course` VALUES ('276341041075', null, '2019-08-07 19:06:56', '是根据循环条件反复执行相同的语句，直到循环条件不成立。顺序结构的程序语句只能被执行一次，如果想要同样的操作执行多次，就需要使用循环结构语句。', null, '10', '100', '276392580580', 'Java循环语句', '2019-08-07 19:06:56', '2', '80', '.jpg');
INSERT INTO `so_course` VALUES ('276341041080', null, '2019-08-07 19:06:56', 'Java要求在使用变量前显式定义变量并声明变量值的类型，所以Java被称为是一个强类型的语言，有些语言则没有这些要求。', null, '10', '100', '276392580581', '变量定义', '2019-08-07 19:06:56', '1', '80', '.jpg');
INSERT INTO `so_course` VALUES ('276341041084', null, '2019-08-07 19:06:56', 'J所有变量和表达式的类型再编译时就已经完全确定。由于是静态类型，导致Java语言也是强类型（Strong typed）的。强类型意味着每个变量都具有一种类型，每个表达式具有一种类型，并且每种类型都是严格定义的，类型限制了变量可以赋予哪些值，表达式最终产生什么值', null, '10', '100', '276392580580', 'Java数据类型', '2019-08-07 19:06:56', '1', '80', '.jpg');
INSERT INTO `so_course` VALUES ('276341041091', null, '2019-08-07 19:06:56', '是根据循环条件反复执行相同的语句，直到循环条件不成立。顺序结构的程序语句只能被执行一次，如果想要同样的操作执行多次，就需要使用循环结构语句。', null, '10', '100', '276392580579', 'Java循环语句', '2019-08-07 19:06:56', '1', '80', '.jpg');
INSERT INTO `so_course` VALUES ('276341041097', null, '2019-08-07 19:06:56', 'Java要求在使用变量前显式定义变量并声明变量值的类型，所以Java被称为是一个强类型的语言，有些语言则没有这些要求。', null, '10', '100', '276392580581', '变量定义', '2019-08-07 19:06:56', '3', '80', '.jpg');
INSERT INTO `so_course` VALUES ('276341041113', null, '2019-08-07 19:06:56', 'J所有变量和表达式的类型再编译时就已经完全确定。由于是静态类型，导致Java语言也是强类型（Strong typed）的。强类型意味着每个变量都具有一种类型，每个表达式具有一种类型，并且每种类型都是严格定义的，类型限制了变量可以赋予哪些值，表达式最终产生什么值', null, '10', '100', '276392580581', 'Java数据类型', '2019-08-07 19:06:56', '2', '80', '.jpg');
INSERT INTO `so_course` VALUES ('276341041118', null, '2019-08-07 19:06:56', '是根据循环条件反复执行相同的语句，直到循环条件不成立。顺序结构的程序语句只能被执行一次，如果想要同样的操作执行多次，就需要使用循环结构语句。', null, '10', '100', '276392580581', 'Java循环语句', '2019-08-07 19:06:56', '1', '80', '.jpg');
INSERT INTO `so_course` VALUES ('276341041124', null, '2019-08-07 19:06:56', 'Java要求在使用变量前显式定义变量并声明变量值的类型，所以Java被称为是一个强类型的语言，有些语言则没有这些要求。', null, '10', '100', '276392580579', '变量定义', '2019-08-07 19:06:56', '2', '80', '.jpg');
INSERT INTO `so_course` VALUES ('276341041127', null, '2019-08-07 19:06:56', 'J所有变量和表达式的类型再编译时就已经完全确定。由于是静态类型，导致Java语言也是强类型（Strong typed）的。强类型意味着每个变量都具有一种类型，每个表达式具有一种类型，并且每种类型都是严格定义的，类型限制了变量可以赋予哪些值，表达式最终产生什么值', null, '10', '100', '276392580580', 'Java数据类型', '2019-08-07 19:06:56', '1', '80', '.jpg');
INSERT INTO `so_course` VALUES ('276341041130', null, '2019-08-07 19:06:56', '是根据循环条件反复执行相同的语句，直到循环条件不成立。顺序结构的程序语句只能被执行一次，如果想要同样的操作执行多次，就需要使用循环结构语句。', null, '10', '100', '276392580580', 'Java循环语句', '2019-08-07 19:06:56', '3', '80', '.jpg');
INSERT INTO `so_course` VALUES ('276341041135', null, '2019-08-07 19:06:56', 'Java要求在使用变量前显式定义变量并声明变量值的类型，所以Java被称为是一个强类型的语言，有些语言则没有这些要求。', null, '10', '100', '276392580580', '变量定义', '2019-08-07 19:06:56', '3', '80', '.jpg');
INSERT INTO `so_course` VALUES ('276341041139', null, '2019-08-07 19:06:56', 'J所有变量和表达式的类型再编译时就已经完全确定。由于是静态类型，导致Java语言也是强类型（Strong typed）的。强类型意味着每个变量都具有一种类型，每个表达式具有一种类型，并且每种类型都是严格定义的，类型限制了变量可以赋予哪些值，表达式最终产生什么值', null, '10', '100', '276392580579', 'Java数据类型', '2019-08-07 19:06:56', '2', '80', '.jpg');
INSERT INTO `so_course` VALUES ('276341041142', null, '2019-08-07 19:06:56', '是根据循环条件反复执行相同的语句，直到循环条件不成立。顺序结构的程序语句只能被执行一次，如果想要同样的操作执行多次，就需要使用循环结构语句。', null, '10', '100', '276392580581', 'Java循环语句', '2019-08-07 19:06:56', '1', '80', '.jpg');
INSERT INTO `so_course` VALUES ('276341041146', null, '2019-08-07 19:06:56', 'Java要求在使用变量前显式定义变量并声明变量值的类型，所以Java被称为是一个强类型的语言，有些语言则没有这些要求。', null, '10', '100', '276392580581', '变量定义', '2019-08-07 19:06:56', '1', '80', '.jpg');
INSERT INTO `so_course` VALUES ('276341041148', null, '2019-08-07 19:06:56', 'J所有变量和表达式的类型再编译时就已经完全确定。由于是静态类型，导致Java语言也是强类型（Strong typed）的。强类型意味着每个变量都具有一种类型，每个表达式具有一种类型，并且每种类型都是严格定义的，类型限制了变量可以赋予哪些值，表达式最终产生什么值', null, '10', '100', '276392580579', 'Java数据类型', '2019-08-07 19:06:56', '3', '80', '.jpg');
INSERT INTO `so_course` VALUES ('276341041151', null, '2019-08-07 19:06:56', '是根据循环条件反复执行相同的语句，直到循环条件不成立。顺序结构的程序语句只能被执行一次，如果想要同样的操作执行多次，就需要使用循环结构语句。', null, '10', '100', '276392580580', 'Java循环语句', '2019-08-07 19:06:56', '1', '80', '.jpg');
INSERT INTO `so_course` VALUES ('276341041156', null, '2019-08-07 19:06:56', 'Java要求在使用变量前显式定义变量并声明变量值的类型，所以Java被称为是一个强类型的语言，有些语言则没有这些要求。', null, '10', '100', '276392580580', '变量定义', '2019-08-07 19:06:56', '1', '80', '.jpg');
INSERT INTO `so_course` VALUES ('276341041159', null, '2019-08-07 19:06:56', 'J所有变量和表达式的类型再编译时就已经完全确定。由于是静态类型，导致Java语言也是强类型（Strong typed）的。强类型意味着每个变量都具有一种类型，每个表达式具有一种类型，并且每种类型都是严格定义的，类型限制了变量可以赋予哪些值，表达式最终产生什么值', null, '10', '100', '276392580581', 'Java数据类型', '2019-08-07 19:06:56', '3', '80', '.jpg');
INSERT INTO `so_course` VALUES ('276341041162', null, '2019-08-07 19:06:56', '是根据循环条件反复执行相同的语句，直到循环条件不成立。顺序结构的程序语句只能被执行一次，如果想要同样的操作执行多次，就需要使用循环结构语句。', null, '10', '100', '276392580579', 'Java循环语句', '2019-08-07 19:06:56', '1', '80', '.jpg');
INSERT INTO `so_course` VALUES ('276341041167', null, '2019-08-07 19:06:56', 'Java要求在使用变量前显式定义变量并声明变量值的类型，所以Java被称为是一个强类型的语言，有些语言则没有这些要求。', null, '10', '100', '276392580581', '变量定义', '2019-08-07 19:06:56', '2', '80', '.jpg');
INSERT INTO `so_course` VALUES ('276341041170', null, '2019-08-07 19:06:56', 'J所有变量和表达式的类型再编译时就已经完全确定。由于是静态类型，导致Java语言也是强类型（Strong typed）的。强类型意味着每个变量都具有一种类型，每个表达式具有一种类型，并且每种类型都是严格定义的，类型限制了变量可以赋予哪些值，表达式最终产生什么值', null, '10', '100', '276392580581', 'Java数据类型', '2019-08-07 19:06:56', '2', '80', '.jpg');
INSERT INTO `so_course` VALUES ('276341041172', null, '2019-08-07 19:06:56', '是根据循环条件反复执行相同的语句，直到循环条件不成立。顺序结构的程序语句只能被执行一次，如果想要同样的操作执行多次，就需要使用循环结构语句。', null, '10', '100', '276392580579', 'Java循环语句', '2019-08-07 19:06:56', '1', '80', '.jpg');
INSERT INTO `so_course` VALUES ('276341041178', null, '2019-08-07 19:06:56', 'Java要求在使用变量前显式定义变量并声明变量值的类型，所以Java被称为是一个强类型的语言，有些语言则没有这些要求。', null, '10', '100', '276392580581', '变量定义', '2019-08-07 19:06:56', '1', '80', '.jpg');
INSERT INTO `so_course` VALUES ('276341041180', null, '2019-08-07 19:06:56', 'J所有变量和表达式的类型再编译时就已经完全确定。由于是静态类型，导致Java语言也是强类型（Strong typed）的。强类型意味着每个变量都具有一种类型，每个表达式具有一种类型，并且每种类型都是严格定义的，类型限制了变量可以赋予哪些值，表达式最终产生什么值', null, '10', '100', '276392580579', 'Java数据类型', '2019-08-07 19:06:56', '2', '80', '.jpg');
INSERT INTO `so_course` VALUES ('276341041182', null, '2019-08-07 19:06:56', '是根据循环条件反复执行相同的语句，直到循环条件不成立。顺序结构的程序语句只能被执行一次，如果想要同样的操作执行多次，就需要使用循环结构语句。', null, '10', '100', '276392580579', 'Java循环语句', '2019-08-07 19:06:56', '3', '80', '.jpg');
INSERT INTO `so_course` VALUES ('276341041187', null, '2019-08-07 19:06:56', 'Java要求在使用变量前显式定义变量并声明变量值的类型，所以Java被称为是一个强类型的语言，有些语言则没有这些要求。', null, '10', '100', '276392580579', '变量定义', '2019-08-07 19:06:56', '2', '80', '.jpg');
INSERT INTO `so_course` VALUES ('276341041190', null, '2019-08-07 19:06:56', 'J所有变量和表达式的类型再编译时就已经完全确定。由于是静态类型，导致Java语言也是强类型（Strong typed）的。强类型意味着每个变量都具有一种类型，每个表达式具有一种类型，并且每种类型都是严格定义的，类型限制了变量可以赋予哪些值，表达式最终产生什么值', null, '10', '100', '276392580579', 'Java数据类型', '2019-08-07 19:06:56', '3', '80', '.jpg');
INSERT INTO `so_course` VALUES ('276341041192', null, '2019-08-07 19:06:56', '是根据循环条件反复执行相同的语句，直到循环条件不成立。顺序结构的程序语句只能被执行一次，如果想要同样的操作执行多次，就需要使用循环结构语句。', null, '10', '100', '276392580581', 'Java循环语句', '2019-08-07 19:06:56', '2', '80', '.jpg');
INSERT INTO `so_course` VALUES ('276341041198', null, '2019-08-07 19:06:56', 'Java要求在使用变量前显式定义变量并声明变量值的类型，所以Java被称为是一个强类型的语言，有些语言则没有这些要求。', null, '10', '100', '276392580580', '变量定义', '2019-08-07 19:06:56', '3', '80', '.jpg');
INSERT INTO `so_course` VALUES ('276341041201', null, '2019-08-07 19:06:56', 'J所有变量和表达式的类型再编译时就已经完全确定。由于是静态类型，导致Java语言也是强类型（Strong typed）的。强类型意味着每个变量都具有一种类型，每个表达式具有一种类型，并且每种类型都是严格定义的，类型限制了变量可以赋予哪些值，表达式最终产生什么值', null, '10', '100', '276392580580', 'Java数据类型', '2019-08-07 19:06:56', '2', '80', '.jpg');
INSERT INTO `so_course` VALUES ('276341041203', null, '2019-08-07 19:06:56', '是根据循环条件反复执行相同的语句，直到循环条件不成立。顺序结构的程序语句只能被执行一次，如果想要同样的操作执行多次，就需要使用循环结构语句。', null, '10', '100', '276392580581', 'Java循环语句', '2019-08-07 19:06:56', '1', '80', '.jpg');
INSERT INTO `so_course` VALUES ('276341041208', null, '2019-08-07 19:06:56', 'Java要求在使用变量前显式定义变量并声明变量值的类型，所以Java被称为是一个强类型的语言，有些语言则没有这些要求。', null, '10', '100', '276392580580', '变量定义', '2019-08-07 19:06:56', '2', '80', '.jpg');
INSERT INTO `so_course` VALUES ('276341041211', null, '2019-08-07 19:06:56', 'J所有变量和表达式的类型再编译时就已经完全确定。由于是静态类型，导致Java语言也是强类型（Strong typed）的。强类型意味着每个变量都具有一种类型，每个表达式具有一种类型，并且每种类型都是严格定义的，类型限制了变量可以赋予哪些值，表达式最终产生什么值', null, '10', '100', '276392580581', 'Java数据类型', '2019-08-07 19:06:56', '2', '80', '.jpg');
INSERT INTO `so_course` VALUES ('276341041213', null, '2019-08-07 19:06:56', '是根据循环条件反复执行相同的语句，直到循环条件不成立。顺序结构的程序语句只能被执行一次，如果想要同样的操作执行多次，就需要使用循环结构语句。', null, '10', '100', '276392580579', 'Java循环语句', '2019-08-07 19:06:56', '1', '80', '.jpg');
INSERT INTO `so_course` VALUES ('276341041218', null, '2019-08-07 19:06:56', 'Java要求在使用变量前显式定义变量并声明变量值的类型，所以Java被称为是一个强类型的语言，有些语言则没有这些要求。', null, '10', '100', '276392580579', '变量定义', '2019-08-07 19:06:56', '2', '80', '.jpg');
INSERT INTO `so_course` VALUES ('276341041221', null, '2019-08-07 19:06:56', 'J所有变量和表达式的类型再编译时就已经完全确定。由于是静态类型，导致Java语言也是强类型（Strong typed）的。强类型意味着每个变量都具有一种类型，每个表达式具有一种类型，并且每种类型都是严格定义的，类型限制了变量可以赋予哪些值，表达式最终产生什么值', null, '10', '100', '276392580579', 'Java数据类型', '2019-08-07 19:06:56', '2', '80', '.jpg');
INSERT INTO `so_course` VALUES ('276341041223', null, '2019-08-07 19:06:56', '是根据循环条件反复执行相同的语句，直到循环条件不成立。顺序结构的程序语句只能被执行一次，如果想要同样的操作执行多次，就需要使用循环结构语句。', null, '10', '100', '276392580581', 'Java循环语句', '2019-08-07 19:06:56', '3', '80', '.jpg');
INSERT INTO `so_course` VALUES ('276341041228', null, '2019-08-07 19:06:56', 'Java要求在使用变量前显式定义变量并声明变量值的类型，所以Java被称为是一个强类型的语言，有些语言则没有这些要求。', null, '10', '100', '276392580581', '变量定义', '2019-08-07 19:06:56', '1', '80', '.jpg');
INSERT INTO `so_course` VALUES ('276341041231', null, '2019-08-07 19:06:56', 'J所有变量和表达式的类型再编译时就已经完全确定。由于是静态类型，导致Java语言也是强类型（Strong typed）的。强类型意味着每个变量都具有一种类型，每个表达式具有一种类型，并且每种类型都是严格定义的，类型限制了变量可以赋予哪些值，表达式最终产生什么值', null, '10', '100', '276392580580', 'Java数据类型', '2019-08-07 19:06:56', '3', '80', '.jpg');
INSERT INTO `so_course` VALUES ('276341041238', null, '2019-08-07 19:06:56', '是根据循环条件反复执行相同的语句，直到循环条件不成立。顺序结构的程序语句只能被执行一次，如果想要同样的操作执行多次，就需要使用循环结构语句。', null, '10', '100', '276392580581', 'Java循环语句', '2019-08-07 19:06:56', '2', '80', '.jpg');
INSERT INTO `so_course` VALUES ('276341041244', null, '2019-08-07 19:06:56', 'Java要求在使用变量前显式定义变量并声明变量值的类型，所以Java被称为是一个强类型的语言，有些语言则没有这些要求。', null, '10', '100', '276392580580', '变量定义', '2019-08-07 19:06:56', '1', '80', '.jpg');
INSERT INTO `so_course` VALUES ('276341041248', null, '2019-08-07 19:06:56', 'J所有变量和表达式的类型再编译时就已经完全确定。由于是静态类型，导致Java语言也是强类型（Strong typed）的。强类型意味着每个变量都具有一种类型，每个表达式具有一种类型，并且每种类型都是严格定义的，类型限制了变量可以赋予哪些值，表达式最终产生什么值', null, '10', '100', '276392580581', 'Java数据类型', '2019-08-07 19:06:56', '2', '80', '.jpg');
INSERT INTO `so_course` VALUES ('276341041251', null, '2019-08-07 19:06:56', '是根据循环条件反复执行相同的语句，直到循环条件不成立。顺序结构的程序语句只能被执行一次，如果想要同样的操作执行多次，就需要使用循环结构语句。', null, '10', '100', '276392580581', 'Java循环语句', '2019-08-07 19:06:56', '1', '80', '.jpg');
INSERT INTO `so_course` VALUES ('276341041258', null, '2019-08-07 19:06:56', 'Java要求在使用变量前显式定义变量并声明变量值的类型，所以Java被称为是一个强类型的语言，有些语言则没有这些要求。', null, '10', '100', '276392580581', '变量定义', '2019-08-07 19:06:56', '3', '80', '.jpg');
INSERT INTO `so_course` VALUES ('276341041261', null, '2019-08-07 19:06:56', 'J所有变量和表达式的类型再编译时就已经完全确定。由于是静态类型，导致Java语言也是强类型（Strong typed）的。强类型意味着每个变量都具有一种类型，每个表达式具有一种类型，并且每种类型都是严格定义的，类型限制了变量可以赋予哪些值，表达式最终产生什么值', null, '10', '100', '276392580580', 'Java数据类型', '2019-08-07 19:06:56', '1', '80', '.jpg');
INSERT INTO `so_course` VALUES ('276341041264', null, '2019-08-07 19:06:56', '是根据循环条件反复执行相同的语句，直到循环条件不成立。顺序结构的程序语句只能被执行一次，如果想要同样的操作执行多次，就需要使用循环结构语句。', null, '10', '100', '276392580579', 'Java循环语句', '2019-08-07 19:06:56', '2', '80', '.jpg');
INSERT INTO `so_course` VALUES ('276341041271', null, '2019-08-07 19:06:56', 'Java要求在使用变量前显式定义变量并声明变量值的类型，所以Java被称为是一个强类型的语言，有些语言则没有这些要求。', null, '10', '100', '276392580581', '变量定义', '2019-08-07 19:06:56', '2', '80', '.jpg');
INSERT INTO `so_course` VALUES ('276341041274', null, '2019-08-07 19:06:56', 'J所有变量和表达式的类型再编译时就已经完全确定。由于是静态类型，导致Java语言也是强类型（Strong typed）的。强类型意味着每个变量都具有一种类型，每个表达式具有一种类型，并且每种类型都是严格定义的，类型限制了变量可以赋予哪些值，表达式最终产生什么值', null, '10', '100', '276392580580', 'Java数据类型', '2019-08-07 19:06:56', '1', '80', '.jpg');
INSERT INTO `so_course` VALUES ('276341041277', null, '2019-08-07 19:06:56', '是根据循环条件反复执行相同的语句，直到循环条件不成立。顺序结构的程序语句只能被执行一次，如果想要同样的操作执行多次，就需要使用循环结构语句。', null, '10', '100', '276392580581', 'Java循环语句', '2019-08-07 19:06:56', '2', '80', '.jpg');
INSERT INTO `so_course` VALUES ('276341041282', null, '2019-08-07 19:06:56', 'Java要求在使用变量前显式定义变量并声明变量值的类型，所以Java被称为是一个强类型的语言，有些语言则没有这些要求。', null, '10', '100', '276392580581', '变量定义', '2019-08-07 19:06:56', '2', '80', '.jpg');
INSERT INTO `so_course` VALUES ('276341041284', null, '2019-08-07 19:06:56', 'J所有变量和表达式的类型再编译时就已经完全确定。由于是静态类型，导致Java语言也是强类型（Strong typed）的。强类型意味着每个变量都具有一种类型，每个表达式具有一种类型，并且每种类型都是严格定义的，类型限制了变量可以赋予哪些值，表达式最终产生什么值', null, '10', '100', '276392580581', 'Java数据类型', '2019-08-07 19:06:56', '1', '80', '.jpg');
INSERT INTO `so_course` VALUES ('276341041288', null, '2019-08-07 19:06:56', '是根据循环条件反复执行相同的语句，直到循环条件不成立。顺序结构的程序语句只能被执行一次，如果想要同样的操作执行多次，就需要使用循环结构语句。', null, '10', '100', '276392580580', 'Java循环语句', '2019-08-07 19:06:56', '1', '80', '.jpg');
INSERT INTO `so_course` VALUES ('276341041293', null, '2019-08-07 19:06:56', 'Java要求在使用变量前显式定义变量并声明变量值的类型，所以Java被称为是一个强类型的语言，有些语言则没有这些要求。', null, '10', '100', '276392580579', '变量定义', '2019-08-07 19:06:56', '1', '80', '.jpg');
INSERT INTO `so_course` VALUES ('276341041295', null, '2019-08-07 19:06:56', 'J所有变量和表达式的类型再编译时就已经完全确定。由于是静态类型，导致Java语言也是强类型（Strong typed）的。强类型意味着每个变量都具有一种类型，每个表达式具有一种类型，并且每种类型都是严格定义的，类型限制了变量可以赋予哪些值，表达式最终产生什么值', null, '10', '100', '276392580579', 'Java数据类型', '2019-08-07 19:06:56', '1', '80', '.jpg');
INSERT INTO `so_course` VALUES ('276341041298', null, '2019-08-07 19:06:56', '是根据循环条件反复执行相同的语句，直到循环条件不成立。顺序结构的程序语句只能被执行一次，如果想要同样的操作执行多次，就需要使用循环结构语句。', null, '10', '100', '276392580580', 'Java循环语句', '2019-08-07 19:06:56', '2', '80', '.jpg');
INSERT INTO `so_course` VALUES ('276341041303', null, '2019-08-07 19:06:56', 'Java要求在使用变量前显式定义变量并声明变量值的类型，所以Java被称为是一个强类型的语言，有些语言则没有这些要求。', null, '10', '100', '276392580579', '变量定义', '2019-08-07 19:06:56', '2', '80', '.jpg');
INSERT INTO `so_course` VALUES ('276341041306', null, '2019-08-07 19:06:56', 'J所有变量和表达式的类型再编译时就已经完全确定。由于是静态类型，导致Java语言也是强类型（Strong typed）的。强类型意味着每个变量都具有一种类型，每个表达式具有一种类型，并且每种类型都是严格定义的，类型限制了变量可以赋予哪些值，表达式最终产生什么值', null, '10', '100', '276392580579', 'Java数据类型', '2019-08-07 19:06:56', '3', '80', '.jpg');
INSERT INTO `so_course` VALUES ('276341041308', null, '2019-08-07 19:06:56', '是根据循环条件反复执行相同的语句，直到循环条件不成立。顺序结构的程序语句只能被执行一次，如果想要同样的操作执行多次，就需要使用循环结构语句。', null, '10', '100', '276392580580', 'Java循环语句', '2019-08-07 19:06:56', '1', '80', '.jpg');
INSERT INTO `so_course` VALUES ('276341041313', null, '2019-08-07 19:06:56', 'Java要求在使用变量前显式定义变量并声明变量值的类型，所以Java被称为是一个强类型的语言，有些语言则没有这些要求。', null, '10', '100', '276392580580', '变量定义', '2019-08-07 19:06:56', '1', '80', '.jpg');
INSERT INTO `so_course` VALUES ('276341041316', null, '2019-08-07 19:06:56', 'J所有变量和表达式的类型再编译时就已经完全确定。由于是静态类型，导致Java语言也是强类型（Strong typed）的。强类型意味着每个变量都具有一种类型，每个表达式具有一种类型，并且每种类型都是严格定义的，类型限制了变量可以赋予哪些值，表达式最终产生什么值', null, '10', '100', '276392580581', 'Java数据类型', '2019-08-07 19:06:56', '1', '80', '.jpg');
INSERT INTO `so_course` VALUES ('276341041320', null, '2019-08-07 19:06:56', '是根据循环条件反复执行相同的语句，直到循环条件不成立。顺序结构的程序语句只能被执行一次，如果想要同样的操作执行多次，就需要使用循环结构语句。', null, '10', '100', '276392580581', 'Java循环语句', '2019-08-07 19:06:56', '2', '80', '.jpg');
INSERT INTO `so_course` VALUES ('276341041325', null, '2019-08-07 19:06:56', 'Java要求在使用变量前显式定义变量并声明变量值的类型，所以Java被称为是一个强类型的语言，有些语言则没有这些要求。', null, '10', '100', '276392580579', '变量定义', '2019-08-07 19:06:56', '1', '80', '.jpg');
INSERT INTO `so_course` VALUES ('276341041328', null, '2019-08-07 19:06:56', 'J所有变量和表达式的类型再编译时就已经完全确定。由于是静态类型，导致Java语言也是强类型（Strong typed）的。强类型意味着每个变量都具有一种类型，每个表达式具有一种类型，并且每种类型都是严格定义的，类型限制了变量可以赋予哪些值，表达式最终产生什么值', null, '10', '100', '276392580580', 'Java数据类型', '2019-08-07 19:06:56', '2', '80', '.jpg');
INSERT INTO `so_course` VALUES ('276341041330', null, '2019-08-07 19:06:56', '是根据循环条件反复执行相同的语句，直到循环条件不成立。顺序结构的程序语句只能被执行一次，如果想要同样的操作执行多次，就需要使用循环结构语句。', null, '10', '100', '276392580579', 'Java循环语句', '2019-08-07 19:06:56', '1', '80', '.jpg');
INSERT INTO `so_course` VALUES ('276341041335', null, '2019-08-07 19:06:56', 'Java要求在使用变量前显式定义变量并声明变量值的类型，所以Java被称为是一个强类型的语言，有些语言则没有这些要求。', null, '10', '100', '276392580580', '变量定义', '2019-08-07 19:06:56', '1', '80', '.jpg');
INSERT INTO `so_course` VALUES ('276341041338', null, '2019-08-07 19:06:56', 'J所有变量和表达式的类型再编译时就已经完全确定。由于是静态类型，导致Java语言也是强类型（Strong typed）的。强类型意味着每个变量都具有一种类型，每个表达式具有一种类型，并且每种类型都是严格定义的，类型限制了变量可以赋予哪些值，表达式最终产生什么值', null, '10', '100', '276392580580', 'Java数据类型', '2019-08-07 19:06:56', '2', '80', '.jpg');
INSERT INTO `so_course` VALUES ('276341041340', null, '2019-08-07 19:06:56', '是根据循环条件反复执行相同的语句，直到循环条件不成立。顺序结构的程序语句只能被执行一次，如果想要同样的操作执行多次，就需要使用循环结构语句。', null, '10', '100', '276392580580', 'Java循环语句', '2019-08-07 19:06:56', '1', '80', '.jpg');
INSERT INTO `so_course` VALUES ('276341041346', null, '2019-08-07 19:06:56', 'Java要求在使用变量前显式定义变量并声明变量值的类型，所以Java被称为是一个强类型的语言，有些语言则没有这些要求。', null, '10', '100', '276392580580', '变量定义', '2019-08-07 19:06:56', '2', '80', '.jpg');
INSERT INTO `so_course` VALUES ('276341041348', null, '2019-08-07 19:06:56', 'J所有变量和表达式的类型再编译时就已经完全确定。由于是静态类型，导致Java语言也是强类型（Strong typed）的。强类型意味着每个变量都具有一种类型，每个表达式具有一种类型，并且每种类型都是严格定义的，类型限制了变量可以赋予哪些值，表达式最终产生什么值', null, '10', '100', '276392580579', 'Java数据类型', '2019-08-07 19:06:56', '1', '80', '.jpg');
INSERT INTO `so_course` VALUES ('276341041352', null, '2019-08-07 19:06:56', '是根据循环条件反复执行相同的语句，直到循环条件不成立。顺序结构的程序语句只能被执行一次，如果想要同样的操作执行多次，就需要使用循环结构语句。', null, '10', '100', '276392580581', 'Java循环语句', '2019-08-07 19:06:56', '1', '80', '.jpg');
INSERT INTO `so_course` VALUES ('276341041356', null, '2019-08-07 19:06:56', 'Java要求在使用变量前显式定义变量并声明变量值的类型，所以Java被称为是一个强类型的语言，有些语言则没有这些要求。', null, '10', '100', '276392580580', '变量定义', '2019-08-07 19:06:56', '1', '80', '.jpg');
INSERT INTO `so_course` VALUES ('276341041359', null, '2019-08-07 19:06:56', 'J所有变量和表达式的类型再编译时就已经完全确定。由于是静态类型，导致Java语言也是强类型（Strong typed）的。强类型意味着每个变量都具有一种类型，每个表达式具有一种类型，并且每种类型都是严格定义的，类型限制了变量可以赋予哪些值，表达式最终产生什么值', null, '10', '100', '276392580579', 'Java数据类型', '2019-08-07 19:06:56', '1', '80', '.jpg');
INSERT INTO `so_course` VALUES ('276341041361', null, '2019-08-07 19:06:56', '是根据循环条件反复执行相同的语句，直到循环条件不成立。顺序结构的程序语句只能被执行一次，如果想要同样的操作执行多次，就需要使用循环结构语句。', null, '10', '100', '276392580581', 'Java循环语句', '2019-08-07 19:06:56', '2', '80', '.jpg');
INSERT INTO `so_course` VALUES ('276341041366', null, '2019-08-07 19:06:56', 'Java要求在使用变量前显式定义变量并声明变量值的类型，所以Java被称为是一个强类型的语言，有些语言则没有这些要求。', null, '10', '100', '276392580581', '变量定义', '2019-08-07 19:06:56', '2', '80', '.jpg');
INSERT INTO `so_course` VALUES ('276341041368', null, '2019-08-07 19:06:56', 'J所有变量和表达式的类型再编译时就已经完全确定。由于是静态类型，导致Java语言也是强类型（Strong typed）的。强类型意味着每个变量都具有一种类型，每个表达式具有一种类型，并且每种类型都是严格定义的，类型限制了变量可以赋予哪些值，表达式最终产生什么值', null, '10', '100', '276392580579', 'Java数据类型', '2019-08-07 19:06:56', '3', '80', '.jpg');
INSERT INTO `so_course` VALUES ('276341041370', null, '2019-08-07 19:06:56', '是根据循环条件反复执行相同的语句，直到循环条件不成立。顺序结构的程序语句只能被执行一次，如果想要同样的操作执行多次，就需要使用循环结构语句。', null, '10', '100', '276392580580', 'Java循环语句', '2019-08-07 19:06:56', '1', '80', '.jpg');
INSERT INTO `so_course` VALUES ('276341041375', null, '2019-08-07 19:06:56', 'Java要求在使用变量前显式定义变量并声明变量值的类型，所以Java被称为是一个强类型的语言，有些语言则没有这些要求。', null, '10', '100', '276392580579', '变量定义', '2019-08-07 19:06:56', '3', '80', '.jpg');
INSERT INTO `so_course` VALUES ('276341041377', null, '2019-08-07 19:06:56', 'J所有变量和表达式的类型再编译时就已经完全确定。由于是静态类型，导致Java语言也是强类型（Strong typed）的。强类型意味着每个变量都具有一种类型，每个表达式具有一种类型，并且每种类型都是严格定义的，类型限制了变量可以赋予哪些值，表达式最终产生什么值', null, '10', '100', '276392580580', 'Java数据类型', '2019-08-07 19:06:56', '3', '80', '.jpg');
INSERT INTO `so_course` VALUES ('276341041380', null, '2019-08-07 19:06:56', '是根据循环条件反复执行相同的语句，直到循环条件不成立。顺序结构的程序语句只能被执行一次，如果想要同样的操作执行多次，就需要使用循环结构语句。', null, '10', '100', '276392580579', 'Java循环语句', '2019-08-07 19:06:56', '2', '80', '.jpg');
INSERT INTO `so_course` VALUES ('276341041384', null, '2019-08-07 19:06:56', 'Java要求在使用变量前显式定义变量并声明变量值的类型，所以Java被称为是一个强类型的语言，有些语言则没有这些要求。', null, '10', '100', '276392580581', '变量定义', '2019-08-07 19:06:56', '3', '80', '.jpg');
INSERT INTO `so_course` VALUES ('276341041387', null, '2019-08-07 19:06:56', 'J所有变量和表达式的类型再编译时就已经完全确定。由于是静态类型，导致Java语言也是强类型（Strong typed）的。强类型意味着每个变量都具有一种类型，每个表达式具有一种类型，并且每种类型都是严格定义的，类型限制了变量可以赋予哪些值，表达式最终产生什么值', null, '10', '100', '276392580580', 'Java数据类型', '2019-08-07 19:06:56', '1', '80', '.jpg');
INSERT INTO `so_course` VALUES ('276341041389', null, '2019-08-07 19:06:56', '是根据循环条件反复执行相同的语句，直到循环条件不成立。顺序结构的程序语句只能被执行一次，如果想要同样的操作执行多次，就需要使用循环结构语句。', null, '10', '100', '276392580580', 'Java循环语句', '2019-08-07 19:06:56', '3', '80', '.jpg');
INSERT INTO `so_course` VALUES ('276341041395', null, '2019-08-07 19:06:56', 'Java要求在使用变量前显式定义变量并声明变量值的类型，所以Java被称为是一个强类型的语言，有些语言则没有这些要求。', null, '10', '100', '276392580581', '变量定义', '2019-08-07 19:06:56', '3', '80', '.jpg');
INSERT INTO `so_course` VALUES ('276341041397', null, '2019-08-07 19:06:56', 'J所有变量和表达式的类型再编译时就已经完全确定。由于是静态类型，导致Java语言也是强类型（Strong typed）的。强类型意味着每个变量都具有一种类型，每个表达式具有一种类型，并且每种类型都是严格定义的，类型限制了变量可以赋予哪些值，表达式最终产生什么值', null, '10', '100', '276392580579', 'Java数据类型', '2019-08-07 19:06:56', '1', '80', '.jpg');
INSERT INTO `so_course` VALUES ('276341041399', null, '2019-08-07 19:06:56', '是根据循环条件反复执行相同的语句，直到循环条件不成立。顺序结构的程序语句只能被执行一次，如果想要同样的操作执行多次，就需要使用循环结构语句。', null, '10', '100', '276392580579', 'Java循环语句', '2019-08-07 19:06:56', '3', '80', '.jpg');
INSERT INTO `so_course` VALUES ('276341041405', null, '2019-08-07 19:06:56', 'Java要求在使用变量前显式定义变量并声明变量值的类型，所以Java被称为是一个强类型的语言，有些语言则没有这些要求。', null, '10', '100', '276392580579', '变量定义', '2019-08-07 19:06:56', '3', '80', '.jpg');
INSERT INTO `so_course` VALUES ('276341041408', null, '2019-08-07 19:06:56', 'J所有变量和表达式的类型再编译时就已经完全确定。由于是静态类型，导致Java语言也是强类型（Strong typed）的。强类型意味着每个变量都具有一种类型，每个表达式具有一种类型，并且每种类型都是严格定义的，类型限制了变量可以赋予哪些值，表达式最终产生什么值', null, '10', '100', '276392580580', 'Java数据类型', '2019-08-07 19:06:56', '1', '80', '.jpg');
INSERT INTO `so_course` VALUES ('276341041411', null, '2019-08-07 19:06:56', '是根据循环条件反复执行相同的语句，直到循环条件不成立。顺序结构的程序语句只能被执行一次，如果想要同样的操作执行多次，就需要使用循环结构语句。', null, '10', '100', '276392580579', 'Java循环语句', '2019-08-07 19:06:56', '2', '80', '.jpg');
INSERT INTO `so_course` VALUES ('276341041417', null, '2019-08-07 19:06:56', 'Java要求在使用变量前显式定义变量并声明变量值的类型，所以Java被称为是一个强类型的语言，有些语言则没有这些要求。', null, '10', '100', '276392580581', '变量定义', '2019-08-07 19:06:56', '3', '80', '.jpg');
INSERT INTO `so_course` VALUES ('276341041419', null, '2019-08-07 19:06:56', 'J所有变量和表达式的类型再编译时就已经完全确定。由于是静态类型，导致Java语言也是强类型（Strong typed）的。强类型意味着每个变量都具有一种类型，每个表达式具有一种类型，并且每种类型都是严格定义的，类型限制了变量可以赋予哪些值，表达式最终产生什么值', null, '10', '100', '276392580579', 'Java数据类型', '2019-08-07 19:06:56', '3', '80', '.jpg');
INSERT INTO `so_course` VALUES ('276341041421', null, '2019-08-07 19:06:56', '是根据循环条件反复执行相同的语句，直到循环条件不成立。顺序结构的程序语句只能被执行一次，如果想要同样的操作执行多次，就需要使用循环结构语句。', null, '10', '100', '276392580581', 'Java循环语句', '2019-08-07 19:06:56', '3', '80', '.jpg');

-- ----------------------------
-- Table structure for so_course_category
-- ----------------------------
DROP TABLE IF EXISTS `so_course_category`;
CREATE TABLE `so_course_category` (
  `id` bigint(20) NOT NULL,
  `create_time` datetime DEFAULT CURRENT_TIMESTAMP,
  `update_time` datetime DEFAULT CURRENT_TIMESTAMP ON UPDATE CURRENT_TIMESTAMP,
  `description` varchar(255) DEFAULT NULL,
  `name` varchar(255) DEFAULT NULL,
  PRIMARY KEY (`id`)
) ENGINE=InnoDB DEFAULT CHARSET=utf8;

-- ----------------------------
-- Records of so_course_category
-- ----------------------------
INSERT INTO `so_course_category` VALUES ('1', '2019-08-06 08:57:32', '2019-08-06 08:57:32', 'javafx', 'javafx');
INSERT INTO `so_course_category` VALUES ('2', '2019-08-06 08:57:32', '2019-08-06 08:57:32', 'java基础', 'java基础');
INSERT INTO `so_course_category` VALUES ('3', '2019-08-06 08:57:32', '2019-08-06 08:57:32', '前端', '前端');

-- ----------------------------
-- Table structure for so_course_chapter
-- ----------------------------
DROP TABLE IF EXISTS `so_course_chapter`;
CREATE TABLE `so_course_chapter` (
  `create_time` timestamp NULL DEFAULT CURRENT_TIMESTAMP,
  `update_time` timestamp NULL DEFAULT NULL,
  `id` bigint(11) NOT NULL,
  `title` varchar(45) DEFAULT NULL,
  `brief` varchar(255) DEFAULT NULL,
  `course_id` bigint(11) DEFAULT NULL,
  `duration` decimal(3,1) DEFAULT NULL,
  `chapter_index` int(3) DEFAULT NULL,
  PRIMARY KEY (`id`),
  KEY `fk_chapter_course_idx` (`course_id`),
  CONSTRAINT `fk_chapter_course` FOREIGN KEY (`course_id`) REFERENCES `so_course` (`id`)
) ENGINE=InnoDB DEFAULT CHARSET=utf8mb4;

-- ----------------------------
-- Records of so_course_chapter
-- ----------------------------
INSERT INTO `so_course_chapter` VALUES (null, null, '276242822281', 'Java变量定义', '在Java语言中，所有的变量在使用前必须声明。声明变量的基本格式如下：type identifier [ = value][, identifier [= value] ...]', '276242822275', '0.5', '1');
INSERT INTO `so_course_chapter` VALUES (null, null, '276242822314', 'Java变量类型', 'Java包含8种基本变量类型，byte,short,int,long,float,double,char,boolean', '276242822311', '0.5', '2');
INSERT INTO `so_course_chapter` VALUES (null, null, '276242822324', 'Java变量类型', 'Java的循环包含while,for,do-Wile循环', '276242822318', '0.5', '1');
INSERT INTO `so_course_chapter` VALUES (null, null, '276247392864', 'Java变量定义', '在Java语言中，所有的变量在使用前必须声明。声明变量的基本格式如下：type identifier [ = value][, identifier [= value] ...]', '276247392857', '0.5', '3');
INSERT INTO `so_course_chapter` VALUES (null, null, '276247392873', 'Java变量类型', 'Java包含8种基本变量类型，byte,short,int,long,float,double,char,boolean', '276247392868', '0.5', '1');
INSERT INTO `so_course_chapter` VALUES (null, null, '276247392882', 'Java变量类型', 'Java的循环包含while,for,do-Wile循环', '276247392878', '0.5', '3');
INSERT INTO `so_course_chapter` VALUES (null, null, '276392581041', '环境准备', null, '276242822275', '0.5', '1');
INSERT INTO `so_course_chapter` VALUES (null, null, '276392581046', '代码练习', null, '276242822275', '2.0', '2');
INSERT INTO `so_course_chapter` VALUES (null, null, '276392581049', '课程总结', null, '276242822275', '0.5', '3');
INSERT INTO `so_course_chapter` VALUES (null, null, '276392581057', '环境准备', null, '276242822311', '0.5', '1');
INSERT INTO `so_course_chapter` VALUES (null, null, '276392581060', '代码练习', null, '276242822311', '2.0', '2');
INSERT INTO `so_course_chapter` VALUES (null, null, '276392581063', '课程总结', null, '276242822311', '0.5', '3');
INSERT INTO `so_course_chapter` VALUES (null, null, '276392581068', '环境准备', null, '276242822318', '0.5', '1');
INSERT INTO `so_course_chapter` VALUES (null, null, '276392581071', '代码练习', null, '276242822318', '2.0', '2');
INSERT INTO `so_course_chapter` VALUES (null, null, '276392581074', '课程总结', null, '276242822318', '0.5', '3');
INSERT INTO `so_course_chapter` VALUES (null, null, '276392581082', '环境准备', null, '276247392857', '0.5', '1');
INSERT INTO `so_course_chapter` VALUES (null, null, '276392581084', '代码练习', null, '276247392857', '2.0', '2');
INSERT INTO `so_course_chapter` VALUES (null, null, '276392581087', '课程总结', null, '276247392857', '0.5', '3');
INSERT INTO `so_course_chapter` VALUES (null, null, '276392581093', '环境准备', null, '276247392868', '0.5', '1');
INSERT INTO `so_course_chapter` VALUES (null, null, '276392581096', '代码练习', null, '276247392868', '2.0', '2');
INSERT INTO `so_course_chapter` VALUES (null, null, '276392581098', '课程总结', null, '276247392868', '0.5', '3');
INSERT INTO `so_course_chapter` VALUES (null, null, '276392581104', '环境准备', null, '276247392878', '0.5', '1');
INSERT INTO `so_course_chapter` VALUES (null, null, '276392581107', '代码练习', null, '276247392878', '2.0', '2');
INSERT INTO `so_course_chapter` VALUES (null, null, '276392581110', '课程总结', null, '276247392878', '0.5', '3');
INSERT INTO `so_course_chapter` VALUES (null, null, '276392581116', '环境准备', null, '276341040558', '0.5', '1');
INSERT INTO `so_course_chapter` VALUES (null, null, '276392581120', '代码练习', null, '276341040558', '2.0', '2');
INSERT INTO `so_course_chapter` VALUES (null, null, '276392581122', '课程总结', null, '276341040558', '0.5', '3');
INSERT INTO `so_course_chapter` VALUES (null, null, '276392581137', '环境准备', null, '276341040810', '0.5', '1');
INSERT INTO `so_course_chapter` VALUES (null, null, '276392581140', '代码练习', null, '276341040810', '2.0', '2');
INSERT INTO `so_course_chapter` VALUES (null, null, '276392581142', '课程总结', null, '276341040810', '0.5', '3');
INSERT INTO `so_course_chapter` VALUES (null, null, '276392581148', '环境准备', null, '276341040814', '0.5', '1');
INSERT INTO `so_course_chapter` VALUES (null, null, '276392581150', '代码练习', null, '276341040814', '2.0', '2');
INSERT INTO `so_course_chapter` VALUES (null, null, '276392581153', '课程总结', null, '276341040814', '0.5', '3');
INSERT INTO `so_course_chapter` VALUES (null, null, '276392581158', '环境准备', null, '276341040826', '0.5', '1');
INSERT INTO `so_course_chapter` VALUES (null, null, '276392581161', '代码练习', null, '276341040826', '2.0', '2');
INSERT INTO `so_course_chapter` VALUES (null, null, '276392581163', '课程总结', null, '276341040826', '0.5', '3');
INSERT INTO `so_course_chapter` VALUES (null, null, '276392581172', '环境准备', null, '276341040829', '0.5', '1');
INSERT INTO `so_course_chapter` VALUES (null, null, '276392581174', '代码练习', null, '276341040829', '2.0', '2');
INSERT INTO `so_course_chapter` VALUES (null, null, '276392581176', '课程总结', null, '276341040829', '0.5', '3');
INSERT INTO `so_course_chapter` VALUES (null, null, '276392581181', '环境准备', null, '276341040832', '0.5', '1');
INSERT INTO `so_course_chapter` VALUES (null, null, '276392581184', '代码练习', null, '276341040832', '2.0', '2');
INSERT INTO `so_course_chapter` VALUES (null, null, '276392581186', '课程总结', null, '276341040832', '0.5', '3');
INSERT INTO `so_course_chapter` VALUES (null, null, '276392581191', '环境准备', null, '276341040838', '0.5', '1');
INSERT INTO `so_course_chapter` VALUES (null, null, '276392581194', '代码练习', null, '276341040838', '2.0', '2');
INSERT INTO `so_course_chapter` VALUES (null, null, '276392581196', '课程总结', null, '276341040838', '0.5', '3');
INSERT INTO `so_course_chapter` VALUES (null, null, '276392581201', '环境准备', null, '276341040841', '0.5', '1');
INSERT INTO `so_course_chapter` VALUES (null, null, '276392581204', '代码练习', null, '276341040841', '2.0', '2');
INSERT INTO `so_course_chapter` VALUES (null, null, '276392581206', '课程总结', null, '276341040841', '0.5', '3');
INSERT INTO `so_course_chapter` VALUES (null, null, '276392581211', '环境准备', null, '276341040846', '0.5', '1');
INSERT INTO `so_course_chapter` VALUES (null, null, '276392581213', '代码练习', null, '276341040846', '2.0', '2');
INSERT INTO `so_course_chapter` VALUES (null, null, '276392581215', '课程总结', null, '276341040846', '0.5', '3');
INSERT INTO `so_course_chapter` VALUES (null, null, '276392581223', '环境准备', null, '276341040851', '0.5', '1');
INSERT INTO `so_course_chapter` VALUES (null, null, '276392581226', '代码练习', null, '276341040851', '2.0', '2');
INSERT INTO `so_course_chapter` VALUES (null, null, '276392581228', '课程总结', null, '276341040851', '0.5', '3');
INSERT INTO `so_course_chapter` VALUES (null, null, '276392581233', '环境准备', null, '276341040854', '0.5', '1');
INSERT INTO `so_course_chapter` VALUES (null, null, '276392581236', '代码练习', null, '276341040854', '2.0', '2');
INSERT INTO `so_course_chapter` VALUES (null, null, '276392581238', '课程总结', null, '276341040854', '0.5', '3');
INSERT INTO `so_course_chapter` VALUES (null, null, '276392581243', '环境准备', null, '276341040857', '0.5', '1');
INSERT INTO `so_course_chapter` VALUES (null, null, '276392581246', '代码练习', null, '276341040857', '2.0', '2');
INSERT INTO `so_course_chapter` VALUES (null, null, '276392581248', '课程总结', null, '276341040857', '0.5', '3');
INSERT INTO `so_course_chapter` VALUES (null, null, '276392581253', '环境准备', null, '276341040863', '0.5', '1');
INSERT INTO `so_course_chapter` VALUES (null, null, '276392581255', '代码练习', null, '276341040863', '2.0', '2');
INSERT INTO `so_course_chapter` VALUES (null, null, '276392581257', '课程总结', null, '276341040863', '0.5', '3');
INSERT INTO `so_course_chapter` VALUES (null, null, '276392581262', '环境准备', null, '276341040866', '0.5', '1');
INSERT INTO `so_course_chapter` VALUES (null, null, '276392581265', '代码练习', null, '276341040866', '2.0', '2');
INSERT INTO `so_course_chapter` VALUES (null, null, '276392581267', '课程总结', null, '276341040866', '0.5', '3');
INSERT INTO `so_course_chapter` VALUES (null, null, '276392581272', '环境准备', null, '276341040869', '0.5', '1');
INSERT INTO `so_course_chapter` VALUES (null, null, '276392581276', '代码练习', null, '276341040869', '2.0', '2');
INSERT INTO `so_course_chapter` VALUES (null, null, '276392581278', '课程总结', null, '276341040869', '0.5', '3');
INSERT INTO `so_course_chapter` VALUES (null, null, '276392581283', '环境准备', null, '276341040878', '0.5', '1');
INSERT INTO `so_course_chapter` VALUES (null, null, '276392581286', '代码练习', null, '276341040878', '2.0', '2');
INSERT INTO `so_course_chapter` VALUES (null, null, '276392581288', '课程总结', null, '276341040878', '0.5', '3');
INSERT INTO `so_course_chapter` VALUES (null, null, '276392581292', '环境准备', null, '276341040886', '0.5', '1');
INSERT INTO `so_course_chapter` VALUES (null, null, '276392581294', '代码练习', null, '276341040886', '2.0', '2');
INSERT INTO `so_course_chapter` VALUES (null, null, '276392581296', '课程总结', null, '276341040886', '0.5', '3');
INSERT INTO `so_course_chapter` VALUES (null, null, '276392581301', '环境准备', null, '276341040890', '0.5', '1');
INSERT INTO `so_course_chapter` VALUES (null, null, '276392581303', '代码练习', null, '276341040890', '2.0', '2');
INSERT INTO `so_course_chapter` VALUES (null, null, '276392581305', '课程总结', null, '276341040890', '0.5', '3');
INSERT INTO `so_course_chapter` VALUES (null, null, '276392581310', '环境准备', null, '276341040897', '0.5', '1');
INSERT INTO `so_course_chapter` VALUES (null, null, '276392581312', '代码练习', null, '276341040897', '2.0', '2');
INSERT INTO `so_course_chapter` VALUES (null, null, '276392581314', '课程总结', null, '276341040897', '0.5', '3');
INSERT INTO `so_course_chapter` VALUES (null, null, '276392581318', '环境准备', null, '276341040900', '0.5', '1');
INSERT INTO `so_course_chapter` VALUES (null, null, '276392581320', '代码练习', null, '276341040900', '2.0', '2');
INSERT INTO `so_course_chapter` VALUES (null, null, '276392581322', '课程总结', null, '276341040900', '0.5', '3');
INSERT INTO `so_course_chapter` VALUES (null, null, '276392581328', '环境准备', null, '276341040905', '0.5', '1');
INSERT INTO `so_course_chapter` VALUES (null, null, '276392581330', '代码练习', null, '276341040905', '2.0', '2');
INSERT INTO `so_course_chapter` VALUES (null, null, '276392581332', '课程总结', null, '276341040905', '0.5', '3');
INSERT INTO `so_course_chapter` VALUES (null, null, '276392581337', '环境准备', null, '276341040911', '0.5', '1');
INSERT INTO `so_course_chapter` VALUES (null, null, '276392581340', '代码练习', null, '276341040911', '2.0', '2');
INSERT INTO `so_course_chapter` VALUES (null, null, '276392581341', '课程总结', null, '276341040911', '0.5', '3');
INSERT INTO `so_course_chapter` VALUES (null, null, '276392581346', '环境准备', null, '276341040915', '0.5', '1');
INSERT INTO `so_course_chapter` VALUES (null, null, '276392581348', '代码练习', null, '276341040915', '2.0', '2');
INSERT INTO `so_course_chapter` VALUES (null, null, '276392581350', '课程总结', null, '276341040915', '0.5', '3');
INSERT INTO `so_course_chapter` VALUES (null, null, '276392581354', '环境准备', null, '276341040918', '0.5', '1');
INSERT INTO `so_course_chapter` VALUES (null, null, '276392581356', '代码练习', null, '276341040918', '2.0', '2');
INSERT INTO `so_course_chapter` VALUES (null, null, '276392581358', '课程总结', null, '276341040918', '0.5', '3');
INSERT INTO `so_course_chapter` VALUES (null, null, '276392581362', '环境准备', null, '276341040924', '0.5', '1');
INSERT INTO `so_course_chapter` VALUES (null, null, '276392581364', '代码练习', null, '276341040924', '2.0', '2');
INSERT INTO `so_course_chapter` VALUES (null, null, '276392581366', '课程总结', null, '276341040924', '0.5', '3');
INSERT INTO `so_course_chapter` VALUES (null, null, '276392581370', '环境准备', null, '276341040928', '0.5', '1');
INSERT INTO `so_course_chapter` VALUES (null, null, '276392581372', '代码练习', null, '276341040928', '2.0', '2');
INSERT INTO `so_course_chapter` VALUES (null, null, '276392581375', '课程总结', null, '276341040928', '0.5', '3');
INSERT INTO `so_course_chapter` VALUES (null, null, '276392581379', '环境准备', null, '276341040945', '0.5', '1');
INSERT INTO `so_course_chapter` VALUES (null, null, '276392581381', '代码练习', null, '276341040945', '2.0', '2');
INSERT INTO `so_course_chapter` VALUES (null, null, '276392581383', '课程总结', null, '276341040945', '0.5', '3');
INSERT INTO `so_course_chapter` VALUES (null, null, '276392581387', '环境准备', null, '276341040952', '0.5', '1');
INSERT INTO `so_course_chapter` VALUES (null, null, '276392581389', '代码练习', null, '276341040952', '2.0', '2');
INSERT INTO `so_course_chapter` VALUES (null, null, '276392581390', '课程总结', null, '276341040952', '0.5', '3');
INSERT INTO `so_course_chapter` VALUES (null, null, '276392581395', '环境准备', null, '276341040956', '0.5', '1');
INSERT INTO `so_course_chapter` VALUES (null, null, '276392581397', '代码练习', null, '276341040956', '2.0', '2');
INSERT INTO `so_course_chapter` VALUES (null, null, '276392581399', '课程总结', null, '276341040956', '0.5', '3');
INSERT INTO `so_course_chapter` VALUES (null, null, '276392581403', '环境准备', null, '276341040960', '0.5', '1');
INSERT INTO `so_course_chapter` VALUES (null, null, '276392581406', '代码练习', null, '276341040960', '2.0', '2');
INSERT INTO `so_course_chapter` VALUES (null, null, '276392581407', '课程总结', null, '276341040960', '0.5', '3');
INSERT INTO `so_course_chapter` VALUES (null, null, '276392581412', '环境准备', null, '276341040965', '0.5', '1');
INSERT INTO `so_course_chapter` VALUES (null, null, '276392581414', '代码练习', null, '276341040965', '2.0', '2');
INSERT INTO `so_course_chapter` VALUES (null, null, '276392581416', '课程总结', null, '276341040965', '0.5', '3');
INSERT INTO `so_course_chapter` VALUES (null, null, '276392581421', '环境准备', null, '276341040968', '0.5', '1');
INSERT INTO `so_course_chapter` VALUES (null, null, '276392581423', '代码练习', null, '276341040968', '2.0', '2');
INSERT INTO `so_course_chapter` VALUES (null, null, '276392581425', '课程总结', null, '276341040968', '0.5', '3');
INSERT INTO `so_course_chapter` VALUES (null, null, '276392581430', '环境准备', null, '276341040971', '0.5', '1');
INSERT INTO `so_course_chapter` VALUES (null, null, '276392581433', '代码练习', null, '276341040971', '2.0', '2');
INSERT INTO `so_course_chapter` VALUES (null, null, '276392581435', '课程总结', null, '276341040971', '0.5', '3');
INSERT INTO `so_course_chapter` VALUES (null, null, '276392581439', '环境准备', null, '276341040976', '0.5', '1');
INSERT INTO `so_course_chapter` VALUES (null, null, '276392581442', '代码练习', null, '276341040976', '2.0', '2');
INSERT INTO `so_course_chapter` VALUES (null, null, '276392581444', '课程总结', null, '276341040976', '0.5', '3');
INSERT INTO `so_course_chapter` VALUES (null, null, '276392581449', '环境准备', null, '276341040979', '0.5', '1');
INSERT INTO `so_course_chapter` VALUES (null, null, '276392581451', '代码练习', null, '276341040979', '2.0', '2');
INSERT INTO `so_course_chapter` VALUES (null, null, '276392581453', '课程总结', null, '276341040979', '0.5', '3');
INSERT INTO `so_course_chapter` VALUES (null, null, '276392581457', '环境准备', null, '276341040982', '0.5', '1');
INSERT INTO `so_course_chapter` VALUES (null, null, '276392581459', '代码练习', null, '276341040982', '2.0', '2');
INSERT INTO `so_course_chapter` VALUES (null, null, '276392581461', '课程总结', null, '276341040982', '0.5', '3');
INSERT INTO `so_course_chapter` VALUES (null, null, '276392581466', '环境准备', null, '276341040988', '0.5', '1');
INSERT INTO `so_course_chapter` VALUES (null, null, '276392581469', '代码练习', null, '276341040988', '2.0', '2');
INSERT INTO `so_course_chapter` VALUES (null, null, '276392581471', '课程总结', null, '276341040988', '0.5', '3');
INSERT INTO `so_course_chapter` VALUES (null, null, '276392581475', '环境准备', null, '276341040991', '0.5', '1');
INSERT INTO `so_course_chapter` VALUES (null, null, '276392581477', '代码练习', null, '276341040991', '2.0', '2');
INSERT INTO `so_course_chapter` VALUES (null, null, '276392581479', '课程总结', null, '276341040991', '0.5', '3');
INSERT INTO `so_course_chapter` VALUES (null, null, '276392581484', '环境准备', null, '276341040993', '0.5', '1');
INSERT INTO `so_course_chapter` VALUES (null, null, '276392581502', '代码练习', null, '276341040993', '2.0', '2');
INSERT INTO `so_course_chapter` VALUES (null, null, '276392581504', '课程总结', null, '276341040993', '0.5', '3');
INSERT INTO `so_course_chapter` VALUES (null, null, '276392581513', '环境准备', null, '276341040998', '0.5', '1');
INSERT INTO `so_course_chapter` VALUES (null, null, '276392581515', '代码练习', null, '276341040998', '2.0', '2');
INSERT INTO `so_course_chapter` VALUES (null, null, '276392581517', '课程总结', null, '276341040998', '0.5', '3');
INSERT INTO `so_course_chapter` VALUES (null, null, '276392581521', '环境准备', null, '276341041001', '0.5', '1');
INSERT INTO `so_course_chapter` VALUES (null, null, '276392581523', '代码练习', null, '276341041001', '2.0', '2');
INSERT INTO `so_course_chapter` VALUES (null, null, '276392581525', '课程总结', null, '276341041001', '0.5', '3');
INSERT INTO `so_course_chapter` VALUES (null, null, '276392581531', '环境准备', null, '276341041005', '0.5', '1');
INSERT INTO `so_course_chapter` VALUES (null, null, '276392581533', '代码练习', null, '276341041005', '2.0', '2');
INSERT INTO `so_course_chapter` VALUES (null, null, '276392581535', '课程总结', null, '276341041005', '0.5', '3');
INSERT INTO `so_course_chapter` VALUES (null, null, '276392581539', '环境准备', null, '276341041010', '0.5', '1');
INSERT INTO `so_course_chapter` VALUES (null, null, '276392581541', '代码练习', null, '276341041010', '2.0', '2');
INSERT INTO `so_course_chapter` VALUES (null, null, '276392581543', '课程总结', null, '276341041010', '0.5', '3');
INSERT INTO `so_course_chapter` VALUES (null, null, '276392581548', '环境准备', null, '276341041014', '0.5', '1');
INSERT INTO `so_course_chapter` VALUES (null, null, '276392581550', '代码练习', null, '276341041014', '2.0', '2');
INSERT INTO `so_course_chapter` VALUES (null, null, '276392581552', '课程总结', null, '276341041014', '0.5', '3');
INSERT INTO `so_course_chapter` VALUES (null, null, '276392581556', '环境准备', null, '276341041017', '0.5', '1');
INSERT INTO `so_course_chapter` VALUES (null, null, '276392581558', '代码练习', null, '276341041017', '2.0', '2');
INSERT INTO `so_course_chapter` VALUES (null, null, '276392581560', '课程总结', null, '276341041017', '0.5', '3');
INSERT INTO `so_course_chapter` VALUES (null, null, '276392581566', '环境准备', null, '276341041023', '0.5', '1');
INSERT INTO `so_course_chapter` VALUES (null, null, '276392581569', '代码练习', null, '276341041023', '2.0', '2');
INSERT INTO `so_course_chapter` VALUES (null, null, '276392581571', '课程总结', null, '276341041023', '0.5', '3');
INSERT INTO `so_course_chapter` VALUES (null, null, '276392581575', '环境准备', null, '276341041026', '0.5', '1');
INSERT INTO `so_course_chapter` VALUES (null, null, '276392581577', '代码练习', null, '276341041026', '2.0', '2');
INSERT INTO `so_course_chapter` VALUES (null, null, '276392581579', '课程总结', null, '276341041026', '0.5', '3');
INSERT INTO `so_course_chapter` VALUES (null, null, '276392581584', '环境准备', null, '276341041029', '0.5', '1');
INSERT INTO `so_course_chapter` VALUES (null, null, '276392581588', '代码练习', null, '276341041029', '2.0', '2');
INSERT INTO `so_course_chapter` VALUES (null, null, '276392581590', '课程总结', null, '276341041029', '0.5', '3');
INSERT INTO `so_course_chapter` VALUES (null, null, '276392581599', '环境准备', null, '276341041034', '0.5', '1');
INSERT INTO `so_course_chapter` VALUES (null, null, '276392581602', '代码练习', null, '276341041034', '2.0', '2');
INSERT INTO `so_course_chapter` VALUES (null, null, '276392581605', '课程总结', null, '276341041034', '0.5', '3');
INSERT INTO `so_course_chapter` VALUES (null, null, '276392581611', '环境准备', null, '276341041038', '0.5', '1');
INSERT INTO `so_course_chapter` VALUES (null, null, '276392581614', '代码练习', null, '276341041038', '2.0', '2');
INSERT INTO `so_course_chapter` VALUES (null, null, '276392581620', '课程总结', null, '276341041038', '0.5', '3');
INSERT INTO `so_course_chapter` VALUES (null, null, '276392581625', '环境准备', null, '276341041040', '0.5', '1');
INSERT INTO `so_course_chapter` VALUES (null, null, '276392581628', '代码练习', null, '276341041040', '2.0', '2');
INSERT INTO `so_course_chapter` VALUES (null, null, '276392581631', '课程总结', null, '276341041040', '0.5', '3');
INSERT INTO `so_course_chapter` VALUES (null, null, '276392581637', '环境准备', null, '276341041048', '0.5', '1');
INSERT INTO `so_course_chapter` VALUES (null, null, '276392581645', '代码练习', null, '276341041048', '2.0', '2');
INSERT INTO `so_course_chapter` VALUES (null, null, '276392581647', '课程总结', null, '276341041048', '0.5', '3');
INSERT INTO `so_course_chapter` VALUES (null, null, '276392581653', '环境准备', null, '276341041051', '0.5', '1');
INSERT INTO `so_course_chapter` VALUES (null, null, '276392581655', '代码练习', null, '276341041051', '2.0', '2');
INSERT INTO `so_course_chapter` VALUES (null, null, '276392581657', '课程总结', null, '276341041051', '0.5', '3');
INSERT INTO `so_course_chapter` VALUES (null, null, '276392581661', '环境准备', null, '276341041053', '0.5', '1');
INSERT INTO `so_course_chapter` VALUES (null, null, '276392581663', '代码练习', null, '276341041053', '2.0', '2');
INSERT INTO `so_course_chapter` VALUES (null, null, '276392581665', '课程总结', null, '276341041053', '0.5', '3');
INSERT INTO `so_course_chapter` VALUES (null, null, '276392581670', '环境准备', null, '276341041058', '0.5', '1');
INSERT INTO `so_course_chapter` VALUES (null, null, '276392581672', '代码练习', null, '276341041058', '2.0', '2');
INSERT INTO `so_course_chapter` VALUES (null, null, '276392581674', '课程总结', null, '276341041058', '0.5', '3');
INSERT INTO `so_course_chapter` VALUES (null, null, '276392581678', '环境准备', null, '276341041061', '0.5', '1');
INSERT INTO `so_course_chapter` VALUES (null, null, '276392581680', '代码练习', null, '276341041061', '2.0', '2');
INSERT INTO `so_course_chapter` VALUES (null, null, '276392581682', '课程总结', null, '276341041061', '0.5', '3');
INSERT INTO `so_course_chapter` VALUES (null, null, '276392581687', '环境准备', null, '276341041063', '0.5', '1');
INSERT INTO `so_course_chapter` VALUES (null, null, '276392581690', '代码练习', null, '276341041063', '2.0', '2');
INSERT INTO `so_course_chapter` VALUES (null, null, '276392581692', '课程总结', null, '276341041063', '0.5', '3');
INSERT INTO `so_course_chapter` VALUES (null, null, '276392581698', '环境准备', null, '276341041069', '0.5', '1');
INSERT INTO `so_course_chapter` VALUES (null, null, '276392581704', '代码练习', null, '276341041069', '2.0', '2');
INSERT INTO `so_course_chapter` VALUES (null, null, '276392581706', '课程总结', null, '276341041069', '0.5', '3');
INSERT INTO `so_course_chapter` VALUES (null, null, '276392581710', '环境准备', null, '276341041072', '0.5', '1');
INSERT INTO `so_course_chapter` VALUES (null, null, '276392581712', '代码练习', null, '276341041072', '2.0', '2');
INSERT INTO `so_course_chapter` VALUES (null, null, '276392581714', '课程总结', null, '276341041072', '0.5', '3');
INSERT INTO `so_course_chapter` VALUES (null, null, '276392581718', '环境准备', null, '276341041075', '0.5', '1');
INSERT INTO `so_course_chapter` VALUES (null, null, '276392581720', '代码练习', null, '276341041075', '2.0', '2');
INSERT INTO `so_course_chapter` VALUES (null, null, '276392581722', '课程总结', null, '276341041075', '0.5', '3');
INSERT INTO `so_course_chapter` VALUES (null, null, '276392581725', '环境准备', null, '276341041080', '0.5', '1');
INSERT INTO `so_course_chapter` VALUES (null, null, '276392581727', '代码练习', null, '276341041080', '2.0', '2');
INSERT INTO `so_course_chapter` VALUES (null, null, '276392581729', '课程总结', null, '276341041080', '0.5', '3');
INSERT INTO `so_course_chapter` VALUES (null, null, '276392581733', '环境准备', null, '276341041084', '0.5', '1');
INSERT INTO `so_course_chapter` VALUES (null, null, '276392581736', '代码练习', null, '276341041084', '2.0', '2');
INSERT INTO `so_course_chapter` VALUES (null, null, '276392581737', '课程总结', null, '276341041084', '0.5', '3');
INSERT INTO `so_course_chapter` VALUES (null, null, '276392581741', '环境准备', null, '276341041091', '0.5', '1');
INSERT INTO `so_course_chapter` VALUES (null, null, '276392581743', '代码练习', null, '276341041091', '2.0', '2');
INSERT INTO `so_course_chapter` VALUES (null, null, '276392581745', '课程总结', null, '276341041091', '0.5', '3');
INSERT INTO `so_course_chapter` VALUES (null, null, '276392581754', '环境准备', null, '276341041097', '0.5', '1');
INSERT INTO `so_course_chapter` VALUES (null, null, '276392581756', '代码练习', null, '276341041097', '2.0', '2');
INSERT INTO `so_course_chapter` VALUES (null, null, '276392581759', '课程总结', null, '276341041097', '0.5', '3');
INSERT INTO `so_course_chapter` VALUES (null, null, '276392581764', '环境准备', null, '276341041113', '0.5', '1');
INSERT INTO `so_course_chapter` VALUES (null, null, '276392581767', '代码练习', null, '276341041113', '2.0', '2');
INSERT INTO `so_course_chapter` VALUES (null, null, '276392581770', '课程总结', null, '276341041113', '0.5', '3');
INSERT INTO `so_course_chapter` VALUES (null, null, '276392581774', '环境准备', null, '276341041118', '0.5', '1');
INSERT INTO `so_course_chapter` VALUES (null, null, '276392581776', '代码练习', null, '276341041118', '2.0', '2');
INSERT INTO `so_course_chapter` VALUES (null, null, '276392581778', '课程总结', null, '276341041118', '0.5', '3');
INSERT INTO `so_course_chapter` VALUES (null, null, '276392581783', '环境准备', null, '276341041124', '0.5', '1');
INSERT INTO `so_course_chapter` VALUES (null, null, '276392581785', '代码练习', null, '276341041124', '2.0', '2');
INSERT INTO `so_course_chapter` VALUES (null, null, '276392581787', '课程总结', null, '276341041124', '0.5', '3');
INSERT INTO `so_course_chapter` VALUES (null, null, '276392581795', '环境准备', null, '276341041127', '0.5', '1');
INSERT INTO `so_course_chapter` VALUES (null, null, '276392581801', '代码练习', null, '276341041127', '2.0', '2');
INSERT INTO `so_course_chapter` VALUES (null, null, '276392581803', '课程总结', null, '276341041127', '0.5', '3');
INSERT INTO `so_course_chapter` VALUES (null, null, '276392581808', '环境准备', null, '276341041130', '0.5', '1');
INSERT INTO `so_course_chapter` VALUES (null, null, '276392581810', '代码练习', null, '276341041130', '2.0', '2');
INSERT INTO `so_course_chapter` VALUES (null, null, '276392581812', '课程总结', null, '276341041130', '0.5', '3');
INSERT INTO `so_course_chapter` VALUES (null, null, '276392581817', '环境准备', null, '276341041135', '0.5', '1');
INSERT INTO `so_course_chapter` VALUES (null, null, '276392581819', '代码练习', null, '276341041135', '2.0', '2');
INSERT INTO `so_course_chapter` VALUES (null, null, '276392581820', '课程总结', null, '276341041135', '0.5', '3');
INSERT INTO `so_course_chapter` VALUES (null, null, '276392581824', '环境准备', null, '276341041139', '0.5', '1');
INSERT INTO `so_course_chapter` VALUES (null, null, '276392581826', '代码练习', null, '276341041139', '2.0', '2');
INSERT INTO `so_course_chapter` VALUES (null, null, '276392581828', '课程总结', null, '276341041139', '0.5', '3');
INSERT INTO `so_course_chapter` VALUES (null, null, '276392581832', '环境准备', null, '276341041142', '0.5', '1');
INSERT INTO `so_course_chapter` VALUES (null, null, '276392581834', '代码练习', null, '276341041142', '2.0', '2');
INSERT INTO `so_course_chapter` VALUES (null, null, '276392581836', '课程总结', null, '276341041142', '0.5', '3');
INSERT INTO `so_course_chapter` VALUES (null, null, '276392581840', '环境准备', null, '276341041146', '0.5', '1');
INSERT INTO `so_course_chapter` VALUES (null, null, '276392581842', '代码练习', null, '276341041146', '2.0', '2');
INSERT INTO `so_course_chapter` VALUES (null, null, '276392581844', '课程总结', null, '276341041146', '0.5', '3');
INSERT INTO `so_course_chapter` VALUES (null, null, '276392581847', '环境准备', null, '276341041148', '0.5', '1');
INSERT INTO `so_course_chapter` VALUES (null, null, '276392581850', '代码练习', null, '276341041148', '2.0', '2');
INSERT INTO `so_course_chapter` VALUES (null, null, '276392581852', '课程总结', null, '276341041148', '0.5', '3');
INSERT INTO `so_course_chapter` VALUES (null, null, '276392581856', '环境准备', null, '276341041151', '0.5', '1');
INSERT INTO `so_course_chapter` VALUES (null, null, '276392581858', '代码练习', null, '276341041151', '2.0', '2');
INSERT INTO `so_course_chapter` VALUES (null, null, '276392581860', '课程总结', null, '276341041151', '0.5', '3');
INSERT INTO `so_course_chapter` VALUES (null, null, '276392581865', '环境准备', null, '276341041156', '0.5', '1');
INSERT INTO `so_course_chapter` VALUES (null, null, '276392581867', '代码练习', null, '276341041156', '2.0', '2');
INSERT INTO `so_course_chapter` VALUES (null, null, '276392581869', '课程总结', null, '276341041156', '0.5', '3');
INSERT INTO `so_course_chapter` VALUES (null, null, '276392581872', '环境准备', null, '276341041159', '0.5', '1');
INSERT INTO `so_course_chapter` VALUES (null, null, '276392581875', '代码练习', null, '276341041159', '2.0', '2');
INSERT INTO `so_course_chapter` VALUES (null, null, '276392581877', '课程总结', null, '276341041159', '0.5', '3');
INSERT INTO `so_course_chapter` VALUES (null, null, '276392581881', '环境准备', null, '276341041162', '0.5', '1');
INSERT INTO `so_course_chapter` VALUES (null, null, '276392581883', '代码练习', null, '276341041162', '2.0', '2');
INSERT INTO `so_course_chapter` VALUES (null, null, '276392581885', '课程总结', null, '276341041162', '0.5', '3');
INSERT INTO `so_course_chapter` VALUES (null, null, '276392581889', '环境准备', null, '276341041167', '0.5', '1');
INSERT INTO `so_course_chapter` VALUES (null, null, '276392581892', '代码练习', null, '276341041167', '2.0', '2');
INSERT INTO `so_course_chapter` VALUES (null, null, '276392581893', '课程总结', null, '276341041167', '0.5', '3');
INSERT INTO `so_course_chapter` VALUES (null, null, '276392581898', '环境准备', null, '276341041170', '0.5', '1');
INSERT INTO `so_course_chapter` VALUES (null, null, '276392581900', '代码练习', null, '276341041170', '2.0', '2');
INSERT INTO `so_course_chapter` VALUES (null, null, '276392581902', '课程总结', null, '276341041170', '0.5', '3');
INSERT INTO `so_course_chapter` VALUES (null, null, '276392581906', '环境准备', null, '276341041172', '0.5', '1');
INSERT INTO `so_course_chapter` VALUES (null, null, '276392581908', '代码练习', null, '276341041172', '2.0', '2');
INSERT INTO `so_course_chapter` VALUES (null, null, '276392581909', '课程总结', null, '276341041172', '0.5', '3');
INSERT INTO `so_course_chapter` VALUES (null, null, '276392581913', '环境准备', null, '276341041178', '0.5', '1');
INSERT INTO `so_course_chapter` VALUES (null, null, '276392581914', '代码练习', null, '276341041178', '2.0', '2');
INSERT INTO `so_course_chapter` VALUES (null, null, '276392581916', '课程总结', null, '276341041178', '0.5', '3');
INSERT INTO `so_course_chapter` VALUES (null, null, '276392581925', '环境准备', null, '276341041180', '0.5', '1');
INSERT INTO `so_course_chapter` VALUES (null, null, '276392581927', '代码练习', null, '276341041180', '2.0', '2');
INSERT INTO `so_course_chapter` VALUES (null, null, '276392581929', '课程总结', null, '276341041180', '0.5', '3');
INSERT INTO `so_course_chapter` VALUES (null, null, '276392581932', '环境准备', null, '276341041182', '0.5', '1');
INSERT INTO `so_course_chapter` VALUES (null, null, '276392581934', '代码练习', null, '276341041182', '2.0', '2');
INSERT INTO `so_course_chapter` VALUES (null, null, '276392581936', '课程总结', null, '276341041182', '0.5', '3');
INSERT INTO `so_course_chapter` VALUES (null, null, '276392581942', '环境准备', null, '276341041187', '0.5', '1');
INSERT INTO `so_course_chapter` VALUES (null, null, '276392581944', '代码练习', null, '276341041187', '2.0', '2');
INSERT INTO `so_course_chapter` VALUES (null, null, '276392581946', '课程总结', null, '276341041187', '0.5', '3');
INSERT INTO `so_course_chapter` VALUES (null, null, '276392581950', '环境准备', null, '276341041190', '0.5', '1');
INSERT INTO `so_course_chapter` VALUES (null, null, '276392581952', '代码练习', null, '276341041190', '2.0', '2');
INSERT INTO `so_course_chapter` VALUES (null, null, '276392581954', '课程总结', null, '276341041190', '0.5', '3');
INSERT INTO `so_course_chapter` VALUES (null, null, '276392581958', '环境准备', null, '276341041192', '0.5', '1');
INSERT INTO `so_course_chapter` VALUES (null, null, '276392581960', '代码练习', null, '276341041192', '2.0', '2');
INSERT INTO `so_course_chapter` VALUES (null, null, '276392581962', '课程总结', null, '276341041192', '0.5', '3');
INSERT INTO `so_course_chapter` VALUES (null, null, '276392581966', '环境准备', null, '276341041198', '0.5', '1');
INSERT INTO `so_course_chapter` VALUES (null, null, '276392581968', '代码练习', null, '276341041198', '2.0', '2');
INSERT INTO `so_course_chapter` VALUES (null, null, '276392581970', '课程总结', null, '276341041198', '0.5', '3');
INSERT INTO `so_course_chapter` VALUES (null, null, '276392581974', '环境准备', null, '276341041201', '0.5', '1');
INSERT INTO `so_course_chapter` VALUES (null, null, '276392581976', '代码练习', null, '276341041201', '2.0', '2');
INSERT INTO `so_course_chapter` VALUES (null, null, '276392581978', '课程总结', null, '276341041201', '0.5', '3');
INSERT INTO `so_course_chapter` VALUES (null, null, '276392581982', '环境准备', null, '276341041203', '0.5', '1');
INSERT INTO `so_course_chapter` VALUES (null, null, '276392581985', '代码练习', null, '276341041203', '2.0', '2');
INSERT INTO `so_course_chapter` VALUES (null, null, '276392581987', '课程总结', null, '276341041203', '0.5', '3');
INSERT INTO `so_course_chapter` VALUES (null, null, '276392581991', '环境准备', null, '276341041208', '0.5', '1');
INSERT INTO `so_course_chapter` VALUES (null, null, '276392581992', '代码练习', null, '276341041208', '2.0', '2');
INSERT INTO `so_course_chapter` VALUES (null, null, '276392581994', '课程总结', null, '276341041208', '0.5', '3');
INSERT INTO `so_course_chapter` VALUES (null, null, '276392581998', '环境准备', null, '276341041211', '0.5', '1');
INSERT INTO `so_course_chapter` VALUES (null, null, '276392581999', '代码练习', null, '276341041211', '2.0', '2');
INSERT INTO `so_course_chapter` VALUES (null, null, '276392582001', '课程总结', null, '276341041211', '0.5', '3');
INSERT INTO `so_course_chapter` VALUES (null, null, '276392582005', '环境准备', null, '276341041213', '0.5', '1');
INSERT INTO `so_course_chapter` VALUES (null, null, '276392582006', '代码练习', null, '276341041213', '2.0', '2');
INSERT INTO `so_course_chapter` VALUES (null, null, '276392582008', '课程总结', null, '276341041213', '0.5', '3');
INSERT INTO `so_course_chapter` VALUES (null, null, '276392582014', '环境准备', null, '276341041218', '0.5', '1');
INSERT INTO `so_course_chapter` VALUES (null, null, '276392582018', '代码练习', null, '276341041218', '2.0', '2');
INSERT INTO `so_course_chapter` VALUES (null, null, '276392582020', '课程总结', null, '276341041218', '0.5', '3');
INSERT INTO `so_course_chapter` VALUES (null, null, '276392582024', '环境准备', null, '276341041221', '0.5', '1');
INSERT INTO `so_course_chapter` VALUES (null, null, '276392582026', '代码练习', null, '276341041221', '2.0', '2');
INSERT INTO `so_course_chapter` VALUES (null, null, '276392582028', '课程总结', null, '276341041221', '0.5', '3');
INSERT INTO `so_course_chapter` VALUES (null, null, '276392582031', '环境准备', null, '276341041223', '0.5', '1');
INSERT INTO `so_course_chapter` VALUES (null, null, '276392582045', '代码练习', null, '276341041223', '2.0', '2');
INSERT INTO `so_course_chapter` VALUES (null, null, '276392582050', '课程总结', null, '276341041223', '0.5', '3');
INSERT INTO `so_course_chapter` VALUES (null, null, '276392582055', '环境准备', null, '276341041228', '0.5', '1');
INSERT INTO `so_course_chapter` VALUES (null, null, '276392582058', '代码练习', null, '276341041228', '2.0', '2');
INSERT INTO `so_course_chapter` VALUES (null, null, '276392582060', '课程总结', null, '276341041228', '0.5', '3');
INSERT INTO `so_course_chapter` VALUES (null, null, '276392582068', '环境准备', null, '276341041231', '0.5', '1');
INSERT INTO `so_course_chapter` VALUES (null, null, '276392582071', '代码练习', null, '276341041231', '2.0', '2');
INSERT INTO `so_course_chapter` VALUES (null, null, '276392582074', '课程总结', null, '276341041231', '0.5', '3');
INSERT INTO `so_course_chapter` VALUES (null, null, '276392582078', '环境准备', null, '276341041238', '0.5', '1');
INSERT INTO `so_course_chapter` VALUES (null, null, '276392582080', '代码练习', null, '276341041238', '2.0', '2');
INSERT INTO `so_course_chapter` VALUES (null, null, '276392582082', '课程总结', null, '276341041238', '0.5', '3');
INSERT INTO `so_course_chapter` VALUES (null, null, '276392582086', '环境准备', null, '276341041244', '0.5', '1');
INSERT INTO `so_course_chapter` VALUES (null, null, '276392582089', '代码练习', null, '276341041244', '2.0', '2');
INSERT INTO `so_course_chapter` VALUES (null, null, '276392582091', '课程总结', null, '276341041244', '0.5', '3');
INSERT INTO `so_course_chapter` VALUES (null, null, '276392582094', '环境准备', null, '276341041248', '0.5', '1');
INSERT INTO `so_course_chapter` VALUES (null, null, '276392582096', '代码练习', null, '276341041248', '2.0', '2');
INSERT INTO `so_course_chapter` VALUES (null, null, '276392582098', '课程总结', null, '276341041248', '0.5', '3');
INSERT INTO `so_course_chapter` VALUES (null, null, '276392582102', '环境准备', null, '276341041251', '0.5', '1');
INSERT INTO `so_course_chapter` VALUES (null, null, '276392582104', '代码练习', null, '276341041251', '2.0', '2');
INSERT INTO `so_course_chapter` VALUES (null, null, '276392582106', '课程总结', null, '276341041251', '0.5', '3');
INSERT INTO `so_course_chapter` VALUES (null, null, '276392582110', '环境准备', null, '276341041258', '0.5', '1');
INSERT INTO `so_course_chapter` VALUES (null, null, '276392582112', '代码练习', null, '276341041258', '2.0', '2');
INSERT INTO `so_course_chapter` VALUES (null, null, '276392582114', '课程总结', null, '276341041258', '0.5', '3');
INSERT INTO `so_course_chapter` VALUES (null, null, '276392582120', '环境准备', null, '276341041261', '0.5', '1');
INSERT INTO `so_course_chapter` VALUES (null, null, '276392582122', '代码练习', null, '276341041261', '2.0', '2');
INSERT INTO `so_course_chapter` VALUES (null, null, '276392582124', '课程总结', null, '276341041261', '0.5', '3');
INSERT INTO `so_course_chapter` VALUES (null, null, '276392582134', '环境准备', null, '276341041264', '0.5', '1');
INSERT INTO `so_course_chapter` VALUES (null, null, '276392582141', '代码练习', null, '276341041264', '2.0', '2');
INSERT INTO `so_course_chapter` VALUES (null, null, '276392582143', '课程总结', null, '276341041264', '0.5', '3');
INSERT INTO `so_course_chapter` VALUES (null, null, '276392582149', '环境准备', null, '276341041271', '0.5', '1');
INSERT INTO `so_course_chapter` VALUES (null, null, '276392582151', '代码练习', null, '276341041271', '2.0', '2');
INSERT INTO `so_course_chapter` VALUES (null, null, '276392582167', '课程总结', null, '276341041271', '0.5', '3');
INSERT INTO `so_course_chapter` VALUES (null, null, '276392582172', '环境准备', null, '276341041274', '0.5', '1');
INSERT INTO `so_course_chapter` VALUES (null, null, '276392582175', '代码练习', null, '276341041274', '2.0', '2');
INSERT INTO `so_course_chapter` VALUES (null, null, '276392582177', '课程总结', null, '276341041274', '0.5', '3');
INSERT INTO `so_course_chapter` VALUES (null, null, '276392582182', '环境准备', null, '276341041277', '0.5', '1');
INSERT INTO `so_course_chapter` VALUES (null, null, '276392582184', '代码练习', null, '276341041277', '2.0', '2');
INSERT INTO `so_course_chapter` VALUES (null, null, '276392582186', '课程总结', null, '276341041277', '0.5', '3');
INSERT INTO `so_course_chapter` VALUES (null, null, '276392582190', '环境准备', null, '276341041282', '0.5', '1');
INSERT INTO `so_course_chapter` VALUES (null, null, '276392582193', '代码练习', null, '276341041282', '2.0', '2');
INSERT INTO `so_course_chapter` VALUES (null, null, '276392582195', '课程总结', null, '276341041282', '0.5', '3');
INSERT INTO `so_course_chapter` VALUES (null, null, '276392582199', '环境准备', null, '276341041284', '0.5', '1');
INSERT INTO `so_course_chapter` VALUES (null, null, '276392582201', '代码练习', null, '276341041284', '2.0', '2');
INSERT INTO `so_course_chapter` VALUES (null, null, '276392582203', '课程总结', null, '276341041284', '0.5', '3');
INSERT INTO `so_course_chapter` VALUES (null, null, '276392582206', '环境准备', null, '276341041288', '0.5', '1');
INSERT INTO `so_course_chapter` VALUES (null, null, '276392582208', '代码练习', null, '276341041288', '2.0', '2');
INSERT INTO `so_course_chapter` VALUES (null, null, '276392582210', '课程总结', null, '276341041288', '0.5', '3');
INSERT INTO `so_course_chapter` VALUES (null, null, '276392582213', '环境准备', null, '276341041293', '0.5', '1');
INSERT INTO `so_course_chapter` VALUES (null, null, '276392582215', '代码练习', null, '276341041293', '2.0', '2');
INSERT INTO `so_course_chapter` VALUES (null, null, '276392582217', '课程总结', null, '276341041293', '0.5', '3');
INSERT INTO `so_course_chapter` VALUES (null, null, '276392582222', '环境准备', null, '276341041295', '0.5', '1');
INSERT INTO `so_course_chapter` VALUES (null, null, '276392582224', '代码练习', null, '276341041295', '2.0', '2');
INSERT INTO `so_course_chapter` VALUES (null, null, '276392582226', '课程总结', null, '276341041295', '0.5', '3');
INSERT INTO `so_course_chapter` VALUES (null, null, '276392582230', '环境准备', null, '276341041298', '0.5', '1');
INSERT INTO `so_course_chapter` VALUES (null, null, '276392582232', '代码练习', null, '276341041298', '2.0', '2');
INSERT INTO `so_course_chapter` VALUES (null, null, '276392582236', '课程总结', null, '276341041298', '0.5', '3');
INSERT INTO `so_course_chapter` VALUES (null, null, '276392582241', '环境准备', null, '276341041303', '0.5', '1');
INSERT INTO `so_course_chapter` VALUES (null, null, '276392582243', '代码练习', null, '276341041303', '2.0', '2');
INSERT INTO `so_course_chapter` VALUES (null, null, '276392582245', '课程总结', null, '276341041303', '0.5', '3');
INSERT INTO `so_course_chapter` VALUES (null, null, '276392582249', '环境准备', null, '276341041306', '0.5', '1');
INSERT INTO `so_course_chapter` VALUES (null, null, '276392582253', '代码练习', null, '276341041306', '2.0', '2');
INSERT INTO `so_course_chapter` VALUES (null, null, '276392582255', '课程总结', null, '276341041306', '0.5', '3');
INSERT INTO `so_course_chapter` VALUES (null, null, '276392582259', '环境准备', null, '276341041308', '0.5', '1');
INSERT INTO `so_course_chapter` VALUES (null, null, '276392582262', '代码练习', null, '276341041308', '2.0', '2');
INSERT INTO `so_course_chapter` VALUES (null, null, '276392582263', '课程总结', null, '276341041308', '0.5', '3');
INSERT INTO `so_course_chapter` VALUES (null, null, '276392582267', '环境准备', null, '276341041313', '0.5', '1');
INSERT INTO `so_course_chapter` VALUES (null, null, '276392582269', '代码练习', null, '276341041313', '2.0', '2');
INSERT INTO `so_course_chapter` VALUES (null, null, '276392582271', '课程总结', null, '276341041313', '0.5', '3');
INSERT INTO `so_course_chapter` VALUES (null, null, '276392582275', '环境准备', null, '276341041316', '0.5', '1');
INSERT INTO `so_course_chapter` VALUES (null, null, '276392582277', '代码练习', null, '276341041316', '2.0', '2');
INSERT INTO `so_course_chapter` VALUES (null, null, '276392582279', '课程总结', null, '276341041316', '0.5', '3');
INSERT INTO `so_course_chapter` VALUES (null, null, '276392582285', '环境准备', null, '276341041320', '0.5', '1');
INSERT INTO `so_course_chapter` VALUES (null, null, '276392582288', '代码练习', null, '276341041320', '2.0', '2');
INSERT INTO `so_course_chapter` VALUES (null, null, '276392582290', '课程总结', null, '276341041320', '0.5', '3');
INSERT INTO `so_course_chapter` VALUES (null, null, '276392582295', '环境准备', null, '276341041325', '0.5', '1');
INSERT INTO `so_course_chapter` VALUES (null, null, '276392582296', '代码练习', null, '276341041325', '2.0', '2');
INSERT INTO `so_course_chapter` VALUES (null, null, '276392582298', '课程总结', null, '276341041325', '0.5', '3');
INSERT INTO `so_course_chapter` VALUES (null, null, '276392582304', '环境准备', null, '276341041328', '0.5', '1');
INSERT INTO `so_course_chapter` VALUES (null, null, '276392582306', '代码练习', null, '276341041328', '2.0', '2');
INSERT INTO `so_course_chapter` VALUES (null, null, '276392582308', '课程总结', null, '276341041328', '0.5', '3');
INSERT INTO `so_course_chapter` VALUES (null, null, '276392582312', '环境准备', null, '276341041330', '0.5', '1');
INSERT INTO `so_course_chapter` VALUES (null, null, '276392582314', '代码练习', null, '276341041330', '2.0', '2');
INSERT INTO `so_course_chapter` VALUES (null, null, '276392582315', '课程总结', null, '276341041330', '0.5', '3');
INSERT INTO `so_course_chapter` VALUES (null, null, '276392582320', '环境准备', null, '276341041335', '0.5', '1');
INSERT INTO `so_course_chapter` VALUES (null, null, '276392582321', '代码练习', null, '276341041335', '2.0', '2');
INSERT INTO `so_course_chapter` VALUES (null, null, '276392582323', '课程总结', null, '276341041335', '0.5', '3');
INSERT INTO `so_course_chapter` VALUES (null, null, '276392582330', '环境准备', null, '276341041338', '0.5', '1');
INSERT INTO `so_course_chapter` VALUES (null, null, '276392582331', '代码练习', null, '276341041338', '2.0', '2');
INSERT INTO `so_course_chapter` VALUES (null, null, '276392582333', '课程总结', null, '276341041338', '0.5', '3');
INSERT INTO `so_course_chapter` VALUES (null, null, '276392582337', '环境准备', null, '276341041340', '0.5', '1');
INSERT INTO `so_course_chapter` VALUES (null, null, '276392582339', '代码练习', null, '276341041340', '2.0', '2');
INSERT INTO `so_course_chapter` VALUES (null, null, '276392582343', '课程总结', null, '276341041340', '0.5', '3');
INSERT INTO `so_course_chapter` VALUES (null, null, '276392582349', '环境准备', null, '276341041346', '0.5', '1');
INSERT INTO `so_course_chapter` VALUES (null, null, '276392582351', '代码练习', null, '276341041346', '2.0', '2');
INSERT INTO `so_course_chapter` VALUES (null, null, '276392582353', '课程总结', null, '276341041346', '0.5', '3');
INSERT INTO `so_course_chapter` VALUES (null, null, '276392582357', '环境准备', null, '276341041348', '0.5', '1');
INSERT INTO `so_course_chapter` VALUES (null, null, '276392582359', '代码练习', null, '276341041348', '2.0', '2');
INSERT INTO `so_course_chapter` VALUES (null, null, '276392582361', '课程总结', null, '276341041348', '0.5', '3');
INSERT INTO `so_course_chapter` VALUES (null, null, '276392582365', '环境准备', null, '276341041352', '0.5', '1');
INSERT INTO `so_course_chapter` VALUES (null, null, '276392582366', '代码练习', null, '276341041352', '2.0', '2');
INSERT INTO `so_course_chapter` VALUES (null, null, '276392582368', '课程总结', null, '276341041352', '0.5', '3');
INSERT INTO `so_course_chapter` VALUES (null, null, '276392582372', '环境准备', null, '276341041356', '0.5', '1');
INSERT INTO `so_course_chapter` VALUES (null, null, '276392582374', '代码练习', null, '276341041356', '2.0', '2');
INSERT INTO `so_course_chapter` VALUES (null, null, '276392582376', '课程总结', null, '276341041356', '0.5', '3');
INSERT INTO `so_course_chapter` VALUES (null, null, '276392582381', '环境准备', null, '276341041359', '0.5', '1');
INSERT INTO `so_course_chapter` VALUES (null, null, '276392582383', '代码练习', null, '276341041359', '2.0', '2');
INSERT INTO `so_course_chapter` VALUES (null, null, '276392582384', '课程总结', null, '276341041359', '0.5', '3');
INSERT INTO `so_course_chapter` VALUES (null, null, '276392582388', '环境准备', null, '276341041361', '0.5', '1');
INSERT INTO `so_course_chapter` VALUES (null, null, '276392582389', '代码练习', null, '276341041361', '2.0', '2');
INSERT INTO `so_course_chapter` VALUES (null, null, '276392582391', '课程总结', null, '276341041361', '0.5', '3');
INSERT INTO `so_course_chapter` VALUES (null, null, '276392582394', '环境准备', null, '276341041366', '0.5', '1');
INSERT INTO `so_course_chapter` VALUES (null, null, '276392582409', '代码练习', null, '276341041366', '2.0', '2');
INSERT INTO `so_course_chapter` VALUES (null, null, '276392582412', '课程总结', null, '276341041366', '0.5', '3');
INSERT INTO `so_course_chapter` VALUES (null, null, '276392582416', '环境准备', null, '276341041368', '0.5', '1');
INSERT INTO `so_course_chapter` VALUES (null, null, '276392582418', '代码练习', null, '276341041368', '2.0', '2');
INSERT INTO `so_course_chapter` VALUES (null, null, '276392582420', '课程总结', null, '276341041368', '0.5', '3');
INSERT INTO `so_course_chapter` VALUES (null, null, '276392582423', '环境准备', null, '276341041370', '0.5', '1');
INSERT INTO `so_course_chapter` VALUES (null, null, '276392582425', '代码练习', null, '276341041370', '2.0', '2');
INSERT INTO `so_course_chapter` VALUES (null, null, '276392582426', '课程总结', null, '276341041370', '0.5', '3');
INSERT INTO `so_course_chapter` VALUES (null, null, '276392582431', '环境准备', null, '276341041375', '0.5', '1');
INSERT INTO `so_course_chapter` VALUES (null, null, '276392582433', '代码练习', null, '276341041375', '2.0', '2');
INSERT INTO `so_course_chapter` VALUES (null, null, '276392582435', '课程总结', null, '276341041375', '0.5', '3');
INSERT INTO `so_course_chapter` VALUES (null, null, '276392582439', '环境准备', null, '276341041377', '0.5', '1');
INSERT INTO `so_course_chapter` VALUES (null, null, '276392582440', '代码练习', null, '276341041377', '2.0', '2');
INSERT INTO `so_course_chapter` VALUES (null, null, '276392582442', '课程总结', null, '276341041377', '0.5', '3');
INSERT INTO `so_course_chapter` VALUES (null, null, '276392582446', '环境准备', null, '276341041380', '0.5', '1');
INSERT INTO `so_course_chapter` VALUES (null, null, '276392582447', '代码练习', null, '276341041380', '2.0', '2');
INSERT INTO `so_course_chapter` VALUES (null, null, '276392582449', '课程总结', null, '276341041380', '0.5', '3');
INSERT INTO `so_course_chapter` VALUES (null, null, '276392582453', '环境准备', null, '276341041384', '0.5', '1');
INSERT INTO `so_course_chapter` VALUES (null, null, '276392582455', '代码练习', null, '276341041384', '2.0', '2');
INSERT INTO `so_course_chapter` VALUES (null, null, '276392582456', '课程总结', null, '276341041384', '0.5', '3');
INSERT INTO `so_course_chapter` VALUES (null, null, '276392582460', '环境准备', null, '276341041387', '0.5', '1');
INSERT INTO `so_course_chapter` VALUES (null, null, '276392582462', '代码练习', null, '276341041387', '2.0', '2');
INSERT INTO `so_course_chapter` VALUES (null, null, '276392582464', '课程总结', null, '276341041387', '0.5', '3');
INSERT INTO `so_course_chapter` VALUES (null, null, '276392582468', '环境准备', null, '276341041389', '0.5', '1');
INSERT INTO `so_course_chapter` VALUES (null, null, '276392582470', '代码练习', null, '276341041389', '2.0', '2');
INSERT INTO `so_course_chapter` VALUES (null, null, '276392582472', '课程总结', null, '276341041389', '0.5', '3');
INSERT INTO `so_course_chapter` VALUES (null, null, '276392582476', '环境准备', null, '276341041395', '0.5', '1');
INSERT INTO `so_course_chapter` VALUES (null, null, '276392582478', '代码练习', null, '276341041395', '2.0', '2');
INSERT INTO `so_course_chapter` VALUES (null, null, '276392582485', '课程总结', null, '276341041395', '0.5', '3');
INSERT INTO `so_course_chapter` VALUES (null, null, '276392582491', '环境准备', null, '276341041397', '0.5', '1');
INSERT INTO `so_course_chapter` VALUES (null, null, '276392582493', '代码练习', null, '276341041397', '2.0', '2');
INSERT INTO `so_course_chapter` VALUES (null, null, '276392582495', '课程总结', null, '276341041397', '0.5', '3');
INSERT INTO `so_course_chapter` VALUES (null, null, '276392582505', '环境准备', null, '276341041399', '0.5', '1');
INSERT INTO `so_course_chapter` VALUES (null, null, '276392582507', '代码练习', null, '276341041399', '2.0', '2');
INSERT INTO `so_course_chapter` VALUES (null, null, '276392582519', '课程总结', null, '276341041399', '0.5', '3');
INSERT INTO `so_course_chapter` VALUES (null, null, '276392582524', '环境准备', null, '276341041405', '0.5', '1');
INSERT INTO `so_course_chapter` VALUES (null, null, '276392582526', '代码练习', null, '276341041405', '2.0', '2');
INSERT INTO `so_course_chapter` VALUES (null, null, '276392582527', '课程总结', null, '276341041405', '0.5', '3');
INSERT INTO `so_course_chapter` VALUES (null, null, '276392582535', '环境准备', null, '276341041408', '0.5', '1');
INSERT INTO `so_course_chapter` VALUES (null, null, '276392582537', '代码练习', null, '276341041408', '2.0', '2');
INSERT INTO `so_course_chapter` VALUES (null, null, '276392582539', '课程总结', null, '276341041408', '0.5', '3');
INSERT INTO `so_course_chapter` VALUES (null, null, '276392582544', '环境准备', null, '276341041411', '0.5', '1');
INSERT INTO `so_course_chapter` VALUES (null, null, '276392582545', '代码练习', null, '276341041411', '2.0', '2');
INSERT INTO `so_course_chapter` VALUES (null, null, '276392582547', '课程总结', null, '276341041411', '0.5', '3');
INSERT INTO `so_course_chapter` VALUES (null, null, '276392582552', '环境准备', null, '276341041417', '0.5', '1');
INSERT INTO `so_course_chapter` VALUES (null, null, '276392582554', '代码练习', null, '276341041417', '2.0', '2');
INSERT INTO `so_course_chapter` VALUES (null, null, '276392582556', '课程总结', null, '276341041417', '0.5', '3');
INSERT INTO `so_course_chapter` VALUES (null, null, '276392582569', '环境准备', null, '276341041419', '0.5', '1');
INSERT INTO `so_course_chapter` VALUES (null, null, '276392582571', '代码练习', null, '276341041419', '2.0', '2');
INSERT INTO `so_course_chapter` VALUES (null, null, '276392582572', '课程总结', null, '276341041419', '0.5', '3');
INSERT INTO `so_course_chapter` VALUES (null, null, '276392582577', '环境准备', null, '276341041421', '0.5', '1');
INSERT INTO `so_course_chapter` VALUES (null, null, '276392582579', '代码练习', null, '276341041421', '2.0', '2');
INSERT INTO `so_course_chapter` VALUES (null, null, '276392582581', '课程总结', null, '276341041421', '0.5', '3');

-- ----------------------------
-- Table structure for so_dictionary
-- ----------------------------
DROP TABLE IF EXISTS `so_dictionary`;
CREATE TABLE `so_dictionary` (
  `create_time` timestamp NULL DEFAULT CURRENT_TIMESTAMP,
  `update_time` timestamp NULL DEFAULT NULL,
  `id` bigint(20) NOT NULL,
  `type` varchar(45) NOT NULL,
  `type_code` varchar(45) NOT NULL,
  `description` varchar(45) DEFAULT NULL,
  PRIMARY KEY (`id`)
) ENGINE=InnoDB DEFAULT CHARSET=utf8mb4;

-- ----------------------------
-- Records of so_dictionary
-- ----------------------------
INSERT INTO `so_dictionary` VALUES ('2018-04-08 13:36:14', '2018-04-08 13:36:14', '234330798998', 'COMMENT_TYPE', 'COMMENT_TYPE_BLOG', '针对博客的评论');
INSERT INTO `so_dictionary` VALUES ('2018-04-08 13:36:14', '2018-04-08 13:36:14', '234330799003', 'COMMENT_TYPE', 'COMMENT_TYPE_COURSE', '针对课程的评论');
INSERT INTO `so_dictionary` VALUES ('2018-04-08 13:36:14', '2018-04-08 13:36:14', '234330799006', 'SLIDE_TYPE', 'SLIDE_TYPE_BLOG', '博客类型轮播图');
INSERT INTO `so_dictionary` VALUES ('2018-04-08 13:36:14', '2018-04-08 13:36:14', '234330799008', 'SLIDE_TYPE', 'SLIDE_TYPE_COURSE', '课程类型轮播图');

-- ----------------------------
-- Table structure for so_learning_progress
-- ----------------------------
DROP TABLE IF EXISTS `so_learning_progress`;
CREATE TABLE `so_learning_progress` (
  `create_time` timestamp NULL DEFAULT CURRENT_TIMESTAMP,
  `update_time` timestamp NULL DEFAULT NULL,
  `id` bigint(25) NOT NULL,
  `course_id` bigint(25) NOT NULL,
  `chapter_id` bigint(25) NOT NULL,
  `student_id` bigint(25) NOT NULL,
  PRIMARY KEY (`id`),
  KEY `fk_learning_progress_course_id_idx` (`course_id`),
  KEY `fk_learning_progress_chapter_id_idx` (`chapter_id`),
  KEY `fk_learning_progress_user_id_idx` (`student_id`),
  CONSTRAINT `fk_learning_progress_chapter_id` FOREIGN KEY (`chapter_id`) REFERENCES `so_course_chapter` (`id`),
  CONSTRAINT `fk_learning_progress_course_id` FOREIGN KEY (`course_id`) REFERENCES `so_course` (`id`),
  CONSTRAINT `fk_learning_progress_user_id` FOREIGN KEY (`student_id`) REFERENCES `so_student` (`id`)
) ENGINE=InnoDB DEFAULT CHARSET=utf8mb4;

-- ----------------------------
-- Records of so_learning_progress
-- ----------------------------
INSERT INTO `so_learning_progress` VALUES (null, '2019-08-26 11:14:47', '276397842694', '276242822275', '276392581046', '276247392889');
INSERT INTO `so_learning_progress` VALUES (null, '2019-08-26 20:30:48', '277987673416', '276247392868', '276247392873', '276247392889');

-- ----------------------------
-- Table structure for so_role
-- ----------------------------
DROP TABLE IF EXISTS `so_role`;
CREATE TABLE `so_role` (
  `create_time` timestamp NULL DEFAULT CURRENT_TIMESTAMP,
  `update_time` timestamp NULL DEFAULT NULL,
  `id` bigint(20) NOT NULL,
  `role_name` varchar(45) DEFAULT NULL,
  `description` varchar(45) DEFAULT NULL,
  PRIMARY KEY (`id`),
  UNIQUE KEY `role_name_UNIQUE` (`role_name`)
) ENGINE=InnoDB DEFAULT CHARSET=utf8;

-- ----------------------------
-- Records of so_role
-- ----------------------------

-- ----------------------------
-- Table structure for so_slide
-- ----------------------------
DROP TABLE IF EXISTS `so_slide`;
CREATE TABLE `so_slide` (
  `create_time` timestamp NULL DEFAULT CURRENT_TIMESTAMP,
  `update_time` timestamp NULL DEFAULT NULL,
  `id` bigint(11) NOT NULL,
  `type_code` varchar(45) DEFAULT NULL,
  `reference_id` bigint(11) DEFAULT NULL,
  `reference_url` varchar(45) DEFAULT NULL,
  `title` varchar(45) DEFAULT NULL,
  `brief` varchar(500) DEFAULT NULL,
  `image_suffix` varchar(10) DEFAULT NULL,
  PRIMARY KEY (`id`)
) ENGINE=InnoDB DEFAULT CHARSET=utf8mb4;

-- ----------------------------
-- Records of so_slide
-- ----------------------------
INSERT INTO `so_slide` VALUES ('2019-08-06 15:37:39', '2019-08-06 15:37:39', '276242084332', 'SLID_TYPE_BLOG', null, null, 'What’s new in Java 10', 'Better Docker support and technologies from several projects will provide a pipeline of new capabilities in Java 10 and later versions', '.jpg');
INSERT INTO `so_slide` VALUES ('2019-08-06 15:37:39', '2019-08-06 15:37:39', '276242084594', 'SLID_TYPE_COURSE', null, null, '30天快速入门Java Web开发', '零基础学习Java，用使用30天时间，将自己蜕变成一个初步具备Java web开发技能的程序员', '.jpg');
INSERT INTO `so_slide` VALUES ('2019-08-06 15:37:39', '2019-08-06 15:37:39', '276242084604', 'SLID_TYPE_BLOG', null, null, 'JAVA9模块化', '为了提高可靠的配置性和强大的封装性，我们将模块化看作是java程序组件的一个基本的新特性，这样它对开发者和可支持的工具更加友好。一个模块是一个被命名的，代码和数据的自描述的集合。', '.jpg');

-- ----------------------------
-- Table structure for so_social_media_type
-- ----------------------------
DROP TABLE IF EXISTS `so_social_media_type`;
CREATE TABLE `so_social_media_type` (
  `id` bigint(20) NOT NULL,
  `create_time` datetime DEFAULT CURRENT_TIMESTAMP,
  `update_time` datetime DEFAULT CURRENT_TIMESTAMP ON UPDATE CURRENT_TIMESTAMP,
  `name` bigint(20) DEFAULT NULL,
  `icon` varchar(255) DEFAULT NULL,
  PRIMARY KEY (`id`)
) ENGINE=InnoDB DEFAULT CHARSET=utf8;

-- ----------------------------
-- Records of so_social_media_type
-- ----------------------------

-- ----------------------------
-- Table structure for so_student
-- ----------------------------
DROP TABLE IF EXISTS `so_student`;
CREATE TABLE `so_student` (
  `id` bigint(25) NOT NULL,
  `create_time` datetime DEFAULT CURRENT_TIMESTAMP,
  `update_time` datetime DEFAULT CURRENT_TIMESTAMP ON UPDATE CURRENT_TIMESTAMP,
  `age` bigint(20) DEFAULT NULL,
  `birthday` date DEFAULT NULL,
  `disable` bit(1) DEFAULT b'0',
  `name` varchar(255) NOT NULL,
  `password` varchar(255) DEFAULT NULL,
  `sex` varchar(255) DEFAULT NULL,
  `email` varchar(255) DEFAULT NULL,
  `phone` varchar(255) DEFAULT NULL,
  `image_suffix` varchar(10) DEFAULT NULL,
  `role_id` varchar(45) DEFAULT NULL,
  PRIMARY KEY (`id`)
) ENGINE=InnoDB DEFAULT CHARSET=utf8;

-- ----------------------------
-- Records of so_student
-- ----------------------------
INSERT INTO `so_student` VALUES ('276247392889', null, null, null, null, null, 'alice', '$2a$10$M4Y0uRaIVpQBhqKstY/M3uaEAlzppXWiv3Eyv1YQ.sPn1NGYwXu..', null, 'demo@shixun.online', '15162039872', '.jpg', null);

-- ----------------------------
-- Table structure for so_teacher
-- ----------------------------
DROP TABLE IF EXISTS `so_teacher`;
CREATE TABLE `so_teacher` (
  `id` bigint(20) NOT NULL,
  `create_time` datetime DEFAULT CURRENT_TIMESTAMP,
  `update_time` datetime DEFAULT CURRENT_TIMESTAMP ON UPDATE CURRENT_TIMESTAMP,
  `age` bigint(20) DEFAULT NULL,
  `birthday` date DEFAULT NULL,
  `name` varchar(255) NOT NULL,
  `sex` varchar(255) DEFAULT NULL,
  `email` varchar(255) DEFAULT NULL,
  `phone` varchar(255) DEFAULT NULL,
  `image_suffix` varchar(10) DEFAULT NULL,
  `title` varchar(45) DEFAULT NULL,
  `address` varchar(45) DEFAULT NULL,
  `first_letter` varchar(5) DEFAULT NULL,
  PRIMARY KEY (`id`)
) ENGINE=InnoDB DEFAULT CHARSET=utf8;

-- ----------------------------
-- Records of so_teacher
-- ----------------------------
INSERT INTO `so_teacher` VALUES ('276242822022', null, null, null, null, '谢俊', '男', null, null, '.jpg', null, null, 'x');
INSERT INTO `so_teacher` VALUES ('276242822271', null, null, null, null, '王敏', '女', null, null, '.jpg', null, null, 'w');
INSERT INTO `so_teacher` VALUES ('276247392519', null, null, null, null, '谢俊', '男', null, null, '.jpg', null, null, 'x');
INSERT INTO `so_teacher` VALUES ('276247392853', null, null, null, null, '王敏', '女', null, null, '.jpg', null, null, 'w');
INSERT INTO `so_teacher` VALUES ('276392580579', null, null, null, null, '王敏', '女', 'wang_min@shixun.online', null, '.jpg', '中级讲师', null, 'w');
INSERT INTO `so_teacher` VALUES ('276392580580', null, null, null, null, '张力', '女', 'zhang_li@shixun.online', null, '.jpg', '高级讲师', null, 'z');
INSERT INTO `so_teacher` VALUES ('276392580581', null, null, null, null, '游明', '男', 'you_ming@shixun.online', null, '.jpg', '高级讲师', null, 'y');
INSERT INTO `so_teacher` VALUES ('276418574024', null, null, null, null, 'r测试讲师', null, '0.038308768948485006@shixun.online', null, '.jpg', '测试title', null, 'r');
INSERT INTO `so_teacher` VALUES ('276418574489', null, null, null, null, 'f测试讲师', null, '0.4279980435278362@shixun.online', null, '.jpg', '测试title', null, 'f');
INSERT INTO `so_teacher` VALUES ('276418574496', null, null, null, null, 'p测试讲师', null, '0.1271632803974726@shixun.online', null, '.jpg', '测试title', null, 'p');
INSERT INTO `so_teacher` VALUES ('276418574502', null, null, null, null, 'h测试讲师', null, '0.43769802224431664@shixun.online', null, '.jpg', '测试title', null, 'h');
INSERT INTO `so_teacher` VALUES ('276418574509', null, null, null, null, 'n测试讲师', null, '0.6167744930084693@shixun.online', null, '.jpg', '测试title', null, 'n');
INSERT INTO `so_teacher` VALUES ('276418574516', null, null, null, null, 'u测试讲师', null, '0.5928915876348111@shixun.online', null, '.jpg', '测试title', null, 'u');
INSERT INTO `so_teacher` VALUES ('276418574522', null, null, null, null, 'h测试讲师', null, '0.3856919199161849@shixun.online', null, '.jpg', '测试title', null, 'h');
INSERT INTO `so_teacher` VALUES ('276418574527', null, null, null, null, 'b测试讲师', null, '0.45036735741110123@shixun.online', null, '.jpg', '测试title', null, 'b');
INSERT INTO `so_teacher` VALUES ('276418574533', null, null, null, null, 'n测试讲师', null, '0.7396445731425328@shixun.online', null, '.jpg', '测试title', null, 'n');
INSERT INTO `so_teacher` VALUES ('276418574540', null, null, null, null, 'i测试讲师', null, '0.2076803578794868@shixun.online', null, '.jpg', '测试title', null, 'i');
INSERT INTO `so_teacher` VALUES ('276418574546', null, null, null, null, 'w测试讲师', null, '0.340900659466282@shixun.online', null, '.jpg', '测试title', null, 'w');
INSERT INTO `so_teacher` VALUES ('276418574553', null, null, null, null, 'k测试讲师', null, '0.6712564849944362@shixun.online', null, '.jpg', '测试title', null, 'k');
INSERT INTO `so_teacher` VALUES ('276418574562', null, null, null, null, 'k测试讲师', null, '0.7909164936445664@shixun.online', null, '.jpg', '测试title', null, 'k');
INSERT INTO `so_teacher` VALUES ('276418574568', null, null, null, null, 'l测试讲师', null, '0.3343195461998777@shixun.online', null, '.jpg', '测试title', null, 'l');
INSERT INTO `so_teacher` VALUES ('276418574575', null, null, null, null, 'o测试讲师', null, '0.7334512146296337@shixun.online', null, '.jpg', '测试title', null, 'o');
INSERT INTO `so_teacher` VALUES ('276418574580', null, null, null, null, 'u测试讲师', null, '0.08946495179670177@shixun.online', null, '.jpg', '测试title', null, 'u');
INSERT INTO `so_teacher` VALUES ('276418574589', null, null, null, null, 'q测试讲师', null, '0.6351219704166234@shixun.online', null, '.jpg', '测试title', null, 'q');
INSERT INTO `so_teacher` VALUES ('276418574595', null, null, null, null, 'q测试讲师', null, '0.41433768414442906@shixun.online', null, '.jpg', '测试title', null, 'q');
INSERT INTO `so_teacher` VALUES ('276418574600', null, null, null, null, 'w测试讲师', null, '0.23222689845821032@shixun.online', null, '.jpg', '测试title', null, 'w');
INSERT INTO `so_teacher` VALUES ('276418574606', null, null, null, null, 'e测试讲师', null, '0.7543429815871664@shixun.online', null, '.jpg', '测试title', null, 'e');
INSERT INTO `so_teacher` VALUES ('276418574621', null, null, null, null, 'i测试讲师', null, '0.41379446901644334@shixun.online', null, '.jpg', '测试title', null, 'i');
INSERT INTO `so_teacher` VALUES ('276418574628', null, null, null, null, 'x测试讲师', null, '0.5424173013946693@shixun.online', null, '.jpg', '测试title', null, 'x');
INSERT INTO `so_teacher` VALUES ('276418574634', null, null, null, null, 'w测试讲师', null, '0.7140809117572575@shixun.online', null, '.jpg', '测试title', null, 'w');
INSERT INTO `so_teacher` VALUES ('276418574640', null, null, null, null, 'x测试讲师', null, '0.9920274990534339@shixun.online', null, '.jpg', '测试title', null, 'x');
INSERT INTO `so_teacher` VALUES ('276418574645', null, null, null, null, 'z测试讲师', null, '0.8016088509663777@shixun.online', null, '.jpg', '测试title', null, 'z');
INSERT INTO `so_teacher` VALUES ('276418574651', null, null, null, null, 'a测试讲师', null, '0.7657865461095958@shixun.online', null, '.jpg', '测试title', null, 'a');
INSERT INTO `so_teacher` VALUES ('276418574656', null, null, null, null, 'f测试讲师', null, '0.3304201905813824@shixun.online', null, '.jpg', '测试title', null, 'f');
INSERT INTO `so_teacher` VALUES ('276418574662', null, null, null, null, 'j测试讲师', null, '0.5390400832896196@shixun.online', null, '.jpg', '测试title', null, 'j');
INSERT INTO `so_teacher` VALUES ('276418574667', null, null, null, null, 'q测试讲师', null, '0.23223313002070978@shixun.online', null, '.jpg', '测试title', null, 'q');
INSERT INTO `so_teacher` VALUES ('276418574674', null, null, null, null, 'b测试讲师', null, '0.6667770562312635@shixun.online', null, '.jpg', '测试title', null, 'b');
INSERT INTO `so_teacher` VALUES ('276418574679', null, null, null, null, 'm测试讲师', null, '0.2109973431392561@shixun.online', null, '.jpg', '测试title', null, 'm');
INSERT INTO `so_teacher` VALUES ('276418574684', null, null, null, null, 'm测试讲师', null, '0.8351646180395901@shixun.online', null, '.jpg', '测试title', null, 'm');
INSERT INTO `so_teacher` VALUES ('276418574698', null, null, null, null, 'r测试讲师', null, '0.6049093535610962@shixun.online', null, '.jpg', '测试title', null, 'r');
INSERT INTO `so_teacher` VALUES ('276418574703', null, null, null, null, 'k测试讲师', null, '0.08844128863552603@shixun.online', null, '.jpg', '测试title', null, 'k');
INSERT INTO `so_teacher` VALUES ('276418574708', null, null, null, null, 'p测试讲师', null, '0.4218843693589538@shixun.online', null, '.jpg', '测试title', null, 'p');
INSERT INTO `so_teacher` VALUES ('276418574713', null, null, null, null, 'f测试讲师', null, '0.7109869266970688@shixun.online', null, '.jpg', '测试title', null, 'f');
INSERT INTO `so_teacher` VALUES ('276418574718', null, null, null, null, 'i测试讲师', null, '0.765007049143291@shixun.online', null, '.jpg', '测试title', null, 'i');
INSERT INTO `so_teacher` VALUES ('276418574723', null, null, null, null, 'o测试讲师', null, '0.496912627280664@shixun.online', null, '.jpg', '测试title', null, 'o');
INSERT INTO `so_teacher` VALUES ('276418574728', null, null, null, null, 't测试讲师', null, '0.8424537126545699@shixun.online', null, '.jpg', '测试title', null, 't');
INSERT INTO `so_teacher` VALUES ('276418574732', null, null, null, null, 'c测试讲师', null, '0.22989237988702504@shixun.online', null, '.jpg', '测试title', null, 'c');
INSERT INTO `so_teacher` VALUES ('276418574737', null, null, null, null, 's测试讲师', null, '0.6152691183012149@shixun.online', null, '.jpg', '测试title', null, 's');
INSERT INTO `so_teacher` VALUES ('276418574742', null, null, null, null, 't测试讲师', null, '0.13922980448036726@shixun.online', null, '.jpg', '测试title', null, 't');
INSERT INTO `so_teacher` VALUES ('276418574747', null, null, null, null, 'c测试讲师', null, '0.9552935826650915@shixun.online', null, '.jpg', '测试title', null, 'c');
INSERT INTO `so_teacher` VALUES ('276418574751', null, null, null, null, 'j测试讲师', null, '0.4999819069364587@shixun.online', null, '.jpg', '测试title', null, 'j');
INSERT INTO `so_teacher` VALUES ('276418574756', null, null, null, null, 'w测试讲师', null, '0.059196772346543414@shixun.online', null, '.jpg', '测试title', null, 'w');
INSERT INTO `so_teacher` VALUES ('276418574761', null, null, null, null, 'b测试讲师', null, '0.8516371765942257@shixun.online', null, '.jpg', '测试title', null, 'b');
INSERT INTO `so_teacher` VALUES ('276418574766', null, null, null, null, 'y测试讲师', null, '0.1533362890770963@shixun.online', null, '.jpg', '测试title', null, 'y');
INSERT INTO `so_teacher` VALUES ('276418574771', null, null, null, null, 'p测试讲师', null, '0.8582802713504366@shixun.online', null, '.jpg', '测试title', null, 'p');
INSERT INTO `so_teacher` VALUES ('276418574776', null, null, null, null, 'm测试讲师', null, '0.10399652183917607@shixun.online', null, '.jpg', '测试title', null, 'm');
INSERT INTO `so_teacher` VALUES ('276418574781', null, null, null, null, 'f测试讲师', null, '0.10091003936452636@shixun.online', null, '.jpg', '测试title', null, 'f');
INSERT INTO `so_teacher` VALUES ('276418574789', null, null, null, null, 'c测试讲师', null, '0.060079303297289166@shixun.online', null, '.jpg', '测试title', null, 'c');
INSERT INTO `so_teacher` VALUES ('276418574794', null, null, null, null, 'd测试讲师', null, '0.9477754773430912@shixun.online', null, '.jpg', '测试title', null, 'd');
INSERT INTO `so_teacher` VALUES ('276418574799', null, null, null, null, 'p测试讲师', null, '0.3577389784949979@shixun.online', null, '.jpg', '测试title', null, 'p');
INSERT INTO `so_teacher` VALUES ('276418574804', null, null, null, null, 'o测试讲师', null, '0.6000451112740272@shixun.online', null, '.jpg', '测试title', null, 'o');
INSERT INTO `so_teacher` VALUES ('276418574808', null, null, null, null, 'o测试讲师', null, '0.5316312561915002@shixun.online', null, '.jpg', '测试title', null, 'o');
INSERT INTO `so_teacher` VALUES ('276418574813', null, null, null, null, 't测试讲师', null, '0.8572411981557176@shixun.online', null, '.jpg', '测试title', null, 't');
INSERT INTO `so_teacher` VALUES ('276418574817', null, null, null, null, 't测试讲师', null, '0.8438556796934671@shixun.online', null, '.jpg', '测试title', null, 't');
INSERT INTO `so_teacher` VALUES ('276418574822', null, null, null, null, 'w测试讲师', null, '0.6296935372085384@shixun.online', null, '.jpg', '测试title', null, 'w');
INSERT INTO `so_teacher` VALUES ('276418574826', null, null, null, null, 'r测试讲师', null, '0.463415763394604@shixun.online', null, '.jpg', '测试title', null, 'r');
INSERT INTO `so_teacher` VALUES ('276418574831', null, null, null, null, 'n测试讲师', null, '0.6744589869235362@shixun.online', null, '.jpg', '测试title', null, 'n');
INSERT INTO `so_teacher` VALUES ('276418574835', null, null, null, null, 'p测试讲师', null, '0.5258266143731612@shixun.online', null, '.jpg', '测试title', null, 'p');
INSERT INTO `so_teacher` VALUES ('276418574840', null, null, null, null, 'd测试讲师', null, '0.018004034507796973@shixun.online', null, '.jpg', '测试title', null, 'd');
INSERT INTO `so_teacher` VALUES ('276418574846', null, null, null, null, 'y测试讲师', null, '0.2597179740647242@shixun.online', null, '.jpg', '测试title', null, 'y');
INSERT INTO `so_teacher` VALUES ('276418574850', null, null, null, null, 'o测试讲师', null, '0.515370766996886@shixun.online', null, '.jpg', '测试title', null, 'o');
INSERT INTO `so_teacher` VALUES ('276418574855', null, null, null, null, 'c测试讲师', null, '0.18588789808053863@shixun.online', null, '.jpg', '测试title', null, 'c');
INSERT INTO `so_teacher` VALUES ('276418574859', null, null, null, null, 'w测试讲师', null, '0.584082514719432@shixun.online', null, '.jpg', '测试title', null, 'w');
INSERT INTO `so_teacher` VALUES ('276418574863', null, null, null, null, 'b测试讲师', null, '0.8408603507715289@shixun.online', null, '.jpg', '测试title', null, 'b');
INSERT INTO `so_teacher` VALUES ('276418574868', null, null, null, null, 'y测试讲师', null, '0.3348559972826012@shixun.online', null, '.jpg', '测试title', null, 'y');
INSERT INTO `so_teacher` VALUES ('276418574872', null, null, null, null, 'g测试讲师', null, '0.33381547351589325@shixun.online', null, '.jpg', '测试title', null, 'g');
INSERT INTO `so_teacher` VALUES ('276418574877', null, null, null, null, 'g测试讲师', null, '0.7340633061615406@shixun.online', null, '.jpg', '测试title', null, 'g');
INSERT INTO `so_teacher` VALUES ('276418574881', null, null, null, null, 'o测试讲师', null, '0.36064534786775104@shixun.online', null, '.jpg', '测试title', null, 'o');
INSERT INTO `so_teacher` VALUES ('276418574886', null, null, null, null, 'b测试讲师', null, '0.5992422971726442@shixun.online', null, '.jpg', '测试title', null, 'b');
INSERT INTO `so_teacher` VALUES ('276418574893', null, null, null, null, 'b测试讲师', null, '0.6353173822460958@shixun.online', null, '.jpg', '测试title', null, 'b');
INSERT INTO `so_teacher` VALUES ('276418574898', null, null, null, null, 'm测试讲师', null, '0.8138265707959708@shixun.online', null, '.jpg', '测试title', null, 'm');
INSERT INTO `so_teacher` VALUES ('276418574903', null, null, null, null, 'f测试讲师', null, '0.3858048533114131@shixun.online', null, '.jpg', '测试title', null, 'f');
INSERT INTO `so_teacher` VALUES ('276418574907', null, null, null, null, 'v测试讲师', null, '0.2063223307023765@shixun.online', null, '.jpg', '测试title', null, 'v');
INSERT INTO `so_teacher` VALUES ('276418574912', null, null, null, null, 'y测试讲师', null, '0.9442933331693051@shixun.online', null, '.jpg', '测试title', null, 'y');
INSERT INTO `so_teacher` VALUES ('276418574916', null, null, null, null, 'p测试讲师', null, '0.7686853873181189@shixun.online', null, '.jpg', '测试title', null, 'p');
INSERT INTO `so_teacher` VALUES ('276418574921', null, null, null, null, 'm测试讲师', null, '0.1495471699024319@shixun.online', null, '.jpg', '测试title', null, 'm');
INSERT INTO `so_teacher` VALUES ('276418574926', null, null, null, null, 'y测试讲师', null, '0.8755634354336276@shixun.online', null, '.jpg', '测试title', null, 'y');
INSERT INTO `so_teacher` VALUES ('276418574930', null, null, null, null, 't测试讲师', null, '0.3991977570606047@shixun.online', null, '.jpg', '测试title', null, 't');
INSERT INTO `so_teacher` VALUES ('276418574934', null, null, null, null, 'c测试讲师', null, '0.6379050505414707@shixun.online', null, '.jpg', '测试title', null, 'c');
INSERT INTO `so_teacher` VALUES ('276418574939', null, null, null, null, 'w测试讲师', null, '0.6328941714455303@shixun.online', null, '.jpg', '测试title', null, 'w');
INSERT INTO `so_teacher` VALUES ('276418574943', null, null, null, null, 'g测试讲师', null, '0.5993610898855112@shixun.online', null, '.jpg', '测试title', null, 'g');
INSERT INTO `so_teacher` VALUES ('276418574949', null, null, null, null, 'k测试讲师', null, '0.20096782703005378@shixun.online', null, '.jpg', '测试title', null, 'k');
INSERT INTO `so_teacher` VALUES ('276418574955', null, null, null, null, 'x测试讲师', null, '0.42070610217183146@shixun.online', null, '.jpg', '测试title', null, 'x');
INSERT INTO `so_teacher` VALUES ('276418574962', null, null, null, null, 'j测试讲师', null, '0.6503530939750303@shixun.online', null, '.jpg', '测试title', null, 'j');
INSERT INTO `so_teacher` VALUES ('276418574967', null, null, null, null, 'b测试讲师', null, '0.6456009814935845@shixun.online', null, '.jpg', '测试title', null, 'b');
INSERT INTO `so_teacher` VALUES ('276418574972', null, null, null, null, 'y测试讲师', null, '0.6284556315436013@shixun.online', null, '.jpg', '测试title', null, 'y');
INSERT INTO `so_teacher` VALUES ('276418574977', null, null, null, null, 'e测试讲师', null, '0.8904418473574052@shixun.online', null, '.jpg', '测试title', null, 'e');
INSERT INTO `so_teacher` VALUES ('276418574982', null, null, null, null, 'p测试讲师', null, '0.8205683625099635@shixun.online', null, '.jpg', '测试title', null, 'p');
INSERT INTO `so_teacher` VALUES ('276418574989', null, null, null, null, 'j测试讲师', null, '0.03245871478622464@shixun.online', null, '.jpg', '测试title', null, 'j');
INSERT INTO `so_teacher` VALUES ('276418574995', null, null, null, null, 'e测试讲师', null, '0.5670296672698772@shixun.online', null, '.jpg', '测试title', null, 'e');
INSERT INTO `so_teacher` VALUES ('276418575000', null, null, null, null, 'x测试讲师', null, '0.0049301928329318345@shixun.online', null, '.jpg', '测试title', null, 'x');
INSERT INTO `so_teacher` VALUES ('276418575005', null, null, null, null, 'g测试讲师', null, '0.28795104071607047@shixun.online', null, '.jpg', '测试title', null, 'g');
INSERT INTO `so_teacher` VALUES ('276418575010', null, null, null, null, 'h测试讲师', null, '0.35827999894122364@shixun.online', null, '.jpg', '测试title', null, 'h');
INSERT INTO `so_teacher` VALUES ('276418575014', null, null, null, null, 'o测试讲师', null, '0.3269872936950676@shixun.online', null, '.jpg', '测试title', null, 'o');
INSERT INTO `so_teacher` VALUES ('276418575021', null, null, null, null, 'n测试讲师', null, '0.663458327630373@shixun.online', null, '.jpg', '测试title', null, 'n');
INSERT INTO `so_teacher` VALUES ('276418575026', null, null, null, null, 'm测试讲师', null, '0.32788462955582864@shixun.online', null, '.jpg', '测试title', null, 'm');
INSERT INTO `so_teacher` VALUES ('276418575030', null, null, null, null, 'f测试讲师', null, '0.36254865231733335@shixun.online', null, '.jpg', '测试title', null, 'f');
INSERT INTO `so_teacher` VALUES ('276418575034', null, null, null, null, 'w测试讲师', null, '0.8106469539089904@shixun.online', null, '.jpg', '测试title', null, 'w');
INSERT INTO `so_teacher` VALUES ('276418575039', null, null, null, null, 'o测试讲师', null, '0.6947684122108349@shixun.online', null, '.jpg', '测试title', null, 'o');
INSERT INTO `so_teacher` VALUES ('276418575043', null, null, null, null, 'p测试讲师', null, '0.5159577153398813@shixun.online', null, '.jpg', '测试title', null, 'p');
INSERT INTO `so_teacher` VALUES ('276418575047', null, null, null, null, 'a测试讲师', null, '0.6183634092240395@shixun.online', null, '.jpg', '测试title', null, 'a');
INSERT INTO `so_teacher` VALUES ('276418575059', null, null, null, null, 'b测试讲师', null, '0.1504647896502045@shixun.online', null, '.jpg', '测试title', null, 'b');
INSERT INTO `so_teacher` VALUES ('276418575063', null, null, null, null, 'i测试讲师', null, '0.1253710199246112@shixun.online', null, '.jpg', '测试title', null, 'i');
INSERT INTO `so_teacher` VALUES ('276418575068', null, null, null, null, 'h测试讲师', null, '0.9707753642741651@shixun.online', null, '.jpg', '测试title', null, 'h');
INSERT INTO `so_teacher` VALUES ('276418575072', null, null, null, null, 'y测试讲师', null, '0.31250865220273505@shixun.online', null, '.jpg', '测试title', null, 'y');
INSERT INTO `so_teacher` VALUES ('276418575079', null, null, null, null, 'p测试讲师', null, '0.7852472819027341@shixun.online', null, '.jpg', '测试title', null, 'p');
INSERT INTO `so_teacher` VALUES ('276418575083', null, null, null, null, 'h测试讲师', null, '0.9738223293642685@shixun.online', null, '.jpg', '测试title', null, 'h');
INSERT INTO `so_teacher` VALUES ('276418575087', null, null, null, null, 'y测试讲师', null, '0.29025310349864986@shixun.online', null, '.jpg', '测试title', null, 'y');
INSERT INTO `so_teacher` VALUES ('276418575092', null, null, null, null, 'y测试讲师', null, '0.15611858302510606@shixun.online', null, '.jpg', '测试title', null, 'y');
INSERT INTO `so_teacher` VALUES ('276418575096', null, null, null, null, 'q测试讲师', null, '0.567508062131732@shixun.online', null, '.jpg', '测试title', null, 'q');
INSERT INTO `so_teacher` VALUES ('276418575101', null, null, null, null, 'x测试讲师', null, '0.04414019277687853@shixun.online', null, '.jpg', '测试title', null, 'x');
INSERT INTO `so_teacher` VALUES ('276418575106', null, null, null, null, 'a测试讲师', null, '0.19289825311398412@shixun.online', null, '.jpg', '测试title', null, 'a');
INSERT INTO `so_teacher` VALUES ('276418575110', null, null, null, null, 'c测试讲师', null, '0.0870979294875015@shixun.online', null, '.jpg', '测试title', null, 'c');
INSERT INTO `so_teacher` VALUES ('276418575115', null, null, null, null, 'd测试讲师', null, '0.9022435404672902@shixun.online', null, '.jpg', '测试title', null, 'd');
INSERT INTO `so_teacher` VALUES ('276418575119', null, null, null, null, 'a测试讲师', null, '0.4503231446411968@shixun.online', null, '.jpg', '测试title', null, 'a');
INSERT INTO `so_teacher` VALUES ('276418575124', null, null, null, null, 'u测试讲师', null, '0.5484355298668275@shixun.online', null, '.jpg', '测试title', null, 'u');
INSERT INTO `so_teacher` VALUES ('276418575128', null, null, null, null, 'j测试讲师', null, '0.5748767616256995@shixun.online', null, '.jpg', '测试title', null, 'j');
INSERT INTO `so_teacher` VALUES ('276418575132', null, null, null, null, 'i测试讲师', null, '0.10587859010276257@shixun.online', null, '.jpg', '测试title', null, 'i');
INSERT INTO `so_teacher` VALUES ('276418575136', null, null, null, null, 'k测试讲师', null, '0.8939754638169949@shixun.online', null, '.jpg', '测试title', null, 'k');
INSERT INTO `so_teacher` VALUES ('276418575146', null, null, null, null, 'z测试讲师', null, '0.4362351746529948@shixun.online', null, '.jpg', '测试title', null, 'z');
INSERT INTO `so_teacher` VALUES ('276418575150', null, null, null, null, 'j测试讲师', null, '0.018740691262762788@shixun.online', null, '.jpg', '测试title', null, 'j');
INSERT INTO `so_teacher` VALUES ('276418575155', null, null, null, null, 'e测试讲师', null, '0.1438598989420169@shixun.online', null, '.jpg', '测试title', null, 'e');
INSERT INTO `so_teacher` VALUES ('276418575159', null, null, null, null, 'v测试讲师', null, '0.03833072624966516@shixun.online', null, '.jpg', '测试title', null, 'v');
INSERT INTO `so_teacher` VALUES ('276418575163', null, null, null, null, 'v测试讲师', null, '0.10535328667173605@shixun.online', null, '.jpg', '测试title', null, 'v');
INSERT INTO `so_teacher` VALUES ('276418575167', null, null, null, null, 'y测试讲师', null, '0.9428920684439015@shixun.online', null, '.jpg', '测试title', null, 'y');
INSERT INTO `so_teacher` VALUES ('276418575173', null, null, null, null, 'q测试讲师', null, '0.6563516739809552@shixun.online', null, '.jpg', '测试title', null, 'q');
INSERT INTO `so_teacher` VALUES ('276418575177', null, null, null, null, 'v测试讲师', null, '0.6745048697846682@shixun.online', null, '.jpg', '测试title', null, 'v');
INSERT INTO `so_teacher` VALUES ('276418575181', null, null, null, null, 'p测试讲师', null, '0.2265958153431139@shixun.online', null, '.jpg', '测试title', null, 'p');
INSERT INTO `so_teacher` VALUES ('276418575185', null, null, null, null, 'n测试讲师', null, '0.43456190303908393@shixun.online', null, '.jpg', '测试title', null, 'n');
INSERT INTO `so_teacher` VALUES ('276418575189', null, null, null, null, 't测试讲师', null, '0.713714164286862@shixun.online', null, '.jpg', '测试title', null, 't');
INSERT INTO `so_teacher` VALUES ('276418575194', null, null, null, null, 'p测试讲师', null, '0.7595993071434277@shixun.online', null, '.jpg', '测试title', null, 'p');
INSERT INTO `so_teacher` VALUES ('276418575198', null, null, null, null, 't测试讲师', null, '0.6248692007393765@shixun.online', null, '.jpg', '测试title', null, 't');
INSERT INTO `so_teacher` VALUES ('276418575203', null, null, null, null, 'r测试讲师', null, '0.5459057868798513@shixun.online', null, '.jpg', '测试title', null, 'r');
INSERT INTO `so_teacher` VALUES ('276418575209', null, null, null, null, 'n测试讲师', null, '0.05692293497686629@shixun.online', null, '.jpg', '测试title', null, 'n');
INSERT INTO `so_teacher` VALUES ('276418575214', null, null, null, null, 'k测试讲师', null, '0.8213135327153082@shixun.online', null, '.jpg', '测试title', null, 'k');
INSERT INTO `so_teacher` VALUES ('276418575218', null, null, null, null, 'j测试讲师', null, '0.7591821281932474@shixun.online', null, '.jpg', '测试title', null, 'j');
INSERT INTO `so_teacher` VALUES ('276418575223', null, null, null, null, 'e测试讲师', null, '0.1860819338865477@shixun.online', null, '.jpg', '测试title', null, 'e');
INSERT INTO `so_teacher` VALUES ('276418575228', null, null, null, null, 'x测试讲师', null, '0.6728125947304734@shixun.online', null, '.jpg', '测试title', null, 'x');
INSERT INTO `so_teacher` VALUES ('276418575231', null, null, null, null, 'm测试讲师', null, '0.670015644081576@shixun.online', null, '.jpg', '测试title', null, 'm');
INSERT INTO `so_teacher` VALUES ('276418575235', null, null, null, null, 'z测试讲师', null, '0.5780143623381274@shixun.online', null, '.jpg', '测试title', null, 'z');
INSERT INTO `so_teacher` VALUES ('276418575240', null, null, null, null, 'z测试讲师', null, '0.36682273171302027@shixun.online', null, '.jpg', '测试title', null, 'z');
INSERT INTO `so_teacher` VALUES ('276418575244', null, null, null, null, 'h测试讲师', null, '0.4300056290248214@shixun.online', null, '.jpg', '测试title', null, 'h');
INSERT INTO `so_teacher` VALUES ('276418575248', null, null, null, null, 'g测试讲师', null, '0.8367582401067555@shixun.online', null, '.jpg', '测试title', null, 'g');
INSERT INTO `so_teacher` VALUES ('276418575253', null, null, null, null, 'e测试讲师', null, '0.019370418328219396@shixun.online', null, '.jpg', '测试title', null, 'e');
INSERT INTO `so_teacher` VALUES ('276418575257', null, null, null, null, 'c测试讲师', null, '0.5329759781269873@shixun.online', null, '.jpg', '测试title', null, 'c');
INSERT INTO `so_teacher` VALUES ('276418575261', null, null, null, null, 'h测试讲师', null, '0.15861374954823781@shixun.online', null, '.jpg', '测试title', null, 'h');
INSERT INTO `so_teacher` VALUES ('276418575265', null, null, null, null, 'y测试讲师', null, '0.664516502429123@shixun.online', null, '.jpg', '测试title', null, 'y');
INSERT INTO `so_teacher` VALUES ('276418575269', null, null, null, null, 'e测试讲师', null, '0.34768724282830454@shixun.online', null, '.jpg', '测试title', null, 'e');
INSERT INTO `so_teacher` VALUES ('276418575273', null, null, null, null, 's测试讲师', null, '0.10890544233624588@shixun.online', null, '.jpg', '测试title', null, 's');
INSERT INTO `so_teacher` VALUES ('276418575277', null, null, null, null, 'x测试讲师', null, '0.9952749622674125@shixun.online', null, '.jpg', '测试title', null, 'x');
INSERT INTO `so_teacher` VALUES ('276418575281', null, null, null, null, 'd测试讲师', null, '0.5199640519878806@shixun.online', null, '.jpg', '测试title', null, 'd');
INSERT INTO `so_teacher` VALUES ('276418575286', null, null, null, null, 'o测试讲师', null, '0.7238666062916332@shixun.online', null, '.jpg', '测试title', null, 'o');
INSERT INTO `so_teacher` VALUES ('276418575289', null, null, null, null, 'w测试讲师', null, '0.32230481074019535@shixun.online', null, '.jpg', '测试title', null, 'w');
INSERT INTO `so_teacher` VALUES ('276418575293', null, null, null, null, 'w测试讲师', null, '0.03481733282599597@shixun.online', null, '.jpg', '测试title', null, 'w');
INSERT INTO `so_teacher` VALUES ('276418575298', null, null, null, null, 'f测试讲师', null, '0.164391171700211@shixun.online', null, '.jpg', '测试title', null, 'f');
INSERT INTO `so_teacher` VALUES ('276418575302', null, null, null, null, 'j测试讲师', null, '0.8900545212578128@shixun.online', null, '.jpg', '测试title', null, 'j');
INSERT INTO `so_teacher` VALUES ('276418575306', null, null, null, null, 'p测试讲师', null, '0.8288929580166711@shixun.online', null, '.jpg', '测试title', null, 'p');
INSERT INTO `so_teacher` VALUES ('276418575310', null, null, null, null, 'p测试讲师', null, '0.33081555407653085@shixun.online', null, '.jpg', '测试title', null, 'p');
INSERT INTO `so_teacher` VALUES ('276418575316', null, null, null, null, 'z测试讲师', null, '0.9249094538666568@shixun.online', null, '.jpg', '测试title', null, 'z');
INSERT INTO `so_teacher` VALUES ('276418575321', null, null, null, null, 'g测试讲师', null, '0.6173915945925682@shixun.online', null, '.jpg', '测试title', null, 'g');
INSERT INTO `so_teacher` VALUES ('276418575327', null, null, null, null, 'z测试讲师', null, '0.6546228413247789@shixun.online', null, '.jpg', '测试title', null, 'z');
INSERT INTO `so_teacher` VALUES ('276418575331', null, null, null, null, 'v测试讲师', null, '0.06953436531950674@shixun.online', null, '.jpg', '测试title', null, 'v');
INSERT INTO `so_teacher` VALUES ('276418575335', null, null, null, null, 'b测试讲师', null, '0.9408755550359348@shixun.online', null, '.jpg', '测试title', null, 'b');
INSERT INTO `so_teacher` VALUES ('276418575343', null, null, null, null, 'i测试讲师', null, '0.6128097649554806@shixun.online', null, '.jpg', '测试title', null, 'i');
INSERT INTO `so_teacher` VALUES ('276418575347', null, null, null, null, 'p测试讲师', null, '0.49644986621542186@shixun.online', null, '.jpg', '测试title', null, 'p');
INSERT INTO `so_teacher` VALUES ('276418575352', null, null, null, null, 't测试讲师', null, '0.3052283910342295@shixun.online', null, '.jpg', '测试title', null, 't');
INSERT INTO `so_teacher` VALUES ('276418575356', null, null, null, null, 'p测试讲师', null, '0.4255059971153099@shixun.online', null, '.jpg', '测试title', null, 'p');
INSERT INTO `so_teacher` VALUES ('276418575361', null, null, null, null, 'c测试讲师', null, '0.9100524001226068@shixun.online', null, '.jpg', '测试title', null, 'c');
INSERT INTO `so_teacher` VALUES ('276418575365', null, null, null, null, 'n测试讲师', null, '0.47837004612722833@shixun.online', null, '.jpg', '测试title', null, 'n');
INSERT INTO `so_teacher` VALUES ('276418575369', null, null, null, null, 'l测试讲师', null, '0.9894950073438561@shixun.online', null, '.jpg', '测试title', null, 'l');
INSERT INTO `so_teacher` VALUES ('276418575374', null, null, null, null, 'o测试讲师', null, '0.5789440815108319@shixun.online', null, '.jpg', '测试title', null, 'o');
INSERT INTO `so_teacher` VALUES ('276418575378', null, null, null, null, 'p测试讲师', null, '0.38044629171288546@shixun.online', null, '.jpg', '测试title', null, 'p');
INSERT INTO `so_teacher` VALUES ('276418575382', null, null, null, null, 'n测试讲师', null, '0.04635242140907503@shixun.online', null, '.jpg', '测试title', null, 'n');
INSERT INTO `so_teacher` VALUES ('276418575386', null, null, null, null, 'k测试讲师', null, '0.15335352961503734@shixun.online', null, '.jpg', '测试title', null, 'k');
INSERT INTO `so_teacher` VALUES ('276418575390', null, null, null, null, 'k测试讲师', null, '0.516578878714922@shixun.online', null, '.jpg', '测试title', null, 'k');
INSERT INTO `so_teacher` VALUES ('276418575395', null, null, null, null, 'v测试讲师', null, '0.8905557767774213@shixun.online', null, '.jpg', '测试title', null, 'v');
INSERT INTO `so_teacher` VALUES ('276418575398', null, null, null, null, 'o测试讲师', null, '0.8039536461223218@shixun.online', null, '.jpg', '测试title', null, 'o');
INSERT INTO `so_teacher` VALUES ('276418575402', null, null, null, null, 'y测试讲师', null, '0.007950165637208406@shixun.online', null, '.jpg', '测试title', null, 'y');
INSERT INTO `so_teacher` VALUES ('276418575406', null, null, null, null, 'q测试讲师', null, '0.3352054554688062@shixun.online', null, '.jpg', '测试title', null, 'q');
INSERT INTO `so_teacher` VALUES ('276418575410', null, null, null, null, 'j测试讲师', null, '0.8067004852661304@shixun.online', null, '.jpg', '测试title', null, 'j');
INSERT INTO `so_teacher` VALUES ('276418575413', null, null, null, null, 'f测试讲师', null, '0.7398175670057775@shixun.online', null, '.jpg', '测试title', null, 'f');
INSERT INTO `so_teacher` VALUES ('276418575417', null, null, null, null, 'r测试讲师', null, '0.4182648537401139@shixun.online', null, '.jpg', '测试title', null, 'r');
INSERT INTO `so_teacher` VALUES ('276418575422', null, null, null, null, 'l测试讲师', null, '0.229654588181608@shixun.online', null, '.jpg', '测试title', null, 'l');
INSERT INTO `so_teacher` VALUES ('276418575426', null, null, null, null, 'u测试讲师', null, '4.202516797333633E-4@shixun.online', null, '.jpg', '测试title', null, 'u');
INSERT INTO `so_teacher` VALUES ('276418575430', null, null, null, null, 'r测试讲师', null, '0.478926043603208@shixun.online', null, '.jpg', '测试title', null, 'r');
INSERT INTO `so_teacher` VALUES ('276418575435', null, null, null, null, 'w测试讲师', null, '0.673923303990643@shixun.online', null, '.jpg', '测试title', null, 'w');
INSERT INTO `so_teacher` VALUES ('276418575439', null, null, null, null, 'w测试讲师', null, '0.3938088717621512@shixun.online', null, '.jpg', '测试title', null, 'w');
INSERT INTO `so_teacher` VALUES ('276418575443', null, null, null, null, 'e测试讲师', null, '0.24432166070038375@shixun.online', null, '.jpg', '测试title', null, 'e');
INSERT INTO `so_teacher` VALUES ('276418575447', null, null, null, null, 'a测试讲师', null, '0.9013813672264277@shixun.online', null, '.jpg', '测试title', null, 'a');
INSERT INTO `so_teacher` VALUES ('276418575451', null, null, null, null, 'f测试讲师', null, '0.7321928394710624@shixun.online', null, '.jpg', '测试title', null, 'f');
INSERT INTO `so_teacher` VALUES ('276418575456', null, null, null, null, 'l测试讲师', null, '0.2924620661460602@shixun.online', null, '.jpg', '测试title', null, 'l');
INSERT INTO `so_teacher` VALUES ('276418575460', null, null, null, null, 's测试讲师', null, '0.904342978962911@shixun.online', null, '.jpg', '测试title', null, 's');
INSERT INTO `so_teacher` VALUES ('276418575464', null, null, null, null, 'n测试讲师', null, '0.7156653099473838@shixun.online', null, '.jpg', '测试title', null, 'n');
INSERT INTO `so_teacher` VALUES ('276418575468', null, null, null, null, 'u测试讲师', null, '0.14046853843440998@shixun.online', null, '.jpg', '测试title', null, 'u');
INSERT INTO `so_teacher` VALUES ('276418575472', null, null, null, null, 'f测试讲师', null, '0.7742665397310825@shixun.online', null, '.jpg', '测试title', null, 'f');
INSERT INTO `so_teacher` VALUES ('276418575477', null, null, null, null, 'u测试讲师', null, '0.13232498245663926@shixun.online', null, '.jpg', '测试title', null, 'u');
INSERT INTO `so_teacher` VALUES ('276418575482', null, null, null, null, 'v测试讲师', null, '0.34773292741293893@shixun.online', null, '.jpg', '测试title', null, 'v');

-- ----------------------------
-- Table structure for so_teacher_course
-- ----------------------------
DROP TABLE IF EXISTS `so_teacher_course`;
CREATE TABLE `so_teacher_course` (
  `create_time` timestamp NULL DEFAULT CURRENT_TIMESTAMP,
  `update_time` timestamp NULL DEFAULT NULL,
  `id` bigint(20) NOT NULL,
  `teacher_id` bigint(20) DEFAULT NULL,
  `course_id` bigint(20) DEFAULT NULL,
  PRIMARY KEY (`id`),
  KEY `fk_teacher_course_teacher_idx` (`teacher_id`),
  KEY `fk_teacher_course_course_idx` (`course_id`),
  CONSTRAINT `fk_teacher_course_course` FOREIGN KEY (`course_id`) REFERENCES `so_course` (`id`),
  CONSTRAINT `fk_teacher_course_teacher` FOREIGN KEY (`teacher_id`) REFERENCES `so_teacher` (`id`)
) ENGINE=InnoDB DEFAULT CHARSET=utf8mb4;

-- ----------------------------
-- Records of so_teacher_course
-- ----------------------------

-- ----------------------------
-- Table structure for so_user
-- ----------------------------
DROP TABLE IF EXISTS `so_user`;
CREATE TABLE `so_user` (
  `id` bigint(25) NOT NULL,
  `create_time` datetime DEFAULT CURRENT_TIMESTAMP,
  `update_time` datetime DEFAULT CURRENT_TIMESTAMP ON UPDATE CURRENT_TIMESTAMP,
  `address` varchar(255) DEFAULT NULL,
  `age` bigint(20) DEFAULT NULL,
  `birthday` date DEFAULT NULL,
  `disable` bit(1) DEFAULT b'0',
  `name` varchar(255) NOT NULL,
  `password` varchar(255) DEFAULT NULL,
  `sex` varchar(255) DEFAULT NULL,
  `email` varchar(255) NOT NULL,
  `phone` varchar(255) DEFAULT NULL,
  `image_suffix` varchar(45) DEFAULT NULL,
  PRIMARY KEY (`id`),
  UNIQUE KEY `name_UNIQUE` (`name`),
  UNIQUE KEY `email_UNIQUE` (`email`)
) ENGINE=InnoDB DEFAULT CHARSET=utf8;

-- ----------------------------
-- Records of so_user
-- ----------------------------

-- ----------------------------
-- Table structure for so_user_role
-- ----------------------------
DROP TABLE IF EXISTS `so_user_role`;
CREATE TABLE `so_user_role` (
  `create_time` timestamp NULL DEFAULT CURRENT_TIMESTAMP,
  `update_time` timestamp NULL DEFAULT NULL,
  `id` bigint(20) NOT NULL AUTO_INCREMENT,
  `role_id` bigint(20) DEFAULT NULL,
  `user_id` bigint(20) DEFAULT NULL,
  PRIMARY KEY (`id`),
  KEY `fk_user_role_role_id_idx` (`role_id`),
  KEY `fk_user_role_user_id_idx` (`user_id`),
  CONSTRAINT `fk_user_role_role_id` FOREIGN KEY (`role_id`) REFERENCES `so_role` (`id`),
  CONSTRAINT `fk_user_role_user_id` FOREIGN KEY (`user_id`) REFERENCES `so_user` (`id`)
) ENGINE=InnoDB DEFAULT CHARSET=utf8;

-- ----------------------------
-- Records of so_user_role
-- ----------------------------

-- ----------------------------
-- Table structure for so_user_social_media
-- ----------------------------
DROP TABLE IF EXISTS `so_user_social_media`;
CREATE TABLE `so_user_social_media` (
  `id` bigint(20) NOT NULL,
  `create_time` datetime DEFAULT CURRENT_TIMESTAMP,
  `update_time` datetime DEFAULT CURRENT_TIMESTAMP ON UPDATE CURRENT_TIMESTAMP,
  `user_id` bigint(20) DEFAULT NULL,
  `account` varchar(255) DEFAULT NULL,
  `account_type` bigint(20) DEFAULT NULL,
  PRIMARY KEY (`id`),
  KEY `user_id_idx` (`user_id`),
  KEY `fk_social_media_account_type_idx` (`account_type`),
  CONSTRAINT `fk_social_media_account_type` FOREIGN KEY (`account_type`) REFERENCES `so_social_media_type` (`id`),
  CONSTRAINT `fk_user_id` FOREIGN KEY (`user_id`) REFERENCES `so_user` (`id`)
) ENGINE=InnoDB DEFAULT CHARSET=utf8;

-- ----------------------------
-- Records of so_user_social_media
-- ----------------------------
